INSERT INTO xe.department (department_id,contact_number,department_name,location) VALUES
      (1,'010-1234-5678','기술부서','A동'),
      (2,'010-1234-5679','마케팅부서','B동'),
      (3,'010-1234-5680','영업부서','C동'),
      (4,'010-1234-5681','인사부서','D동'),
      (5,'010-1234-5682','재무부서','E동'),
      (6,'010-1234-5683','IT 지원부서','F동'),
      (7,'010-1234-5684','제품 관리부서','G동'),
      (8,'010-1234-5685','고객 서비스부서','H동'),
      (9,'010-1234-5686','법무부서','I동'),
      (10,'010-1234-5687','연구개발부서','J동');

INSERT INTO xe.employee (is_active,rank_id,created_date,department_id,last_modified_date,salary,supervisor_id,address,email,employee_name,employee_pw,gender,phone_number,rank_name) VALUES
	 (1,5,'2021-01-01 00:00:00',1,NULL,30000,0,'주소 1','employee1@example.com','사원1','$2a$10$Vg4CIc8WunwnKoV2.j9J.uPep8BgLAzb2VelL89I.hGiLBDNoybpO','여','010-1111-1100','부장'),
	 (1,4,'2022-01-01 00:00:00',1,NULL,30010,1,'주소 2','employee2@example.com','사원2','$2a$10$Vg4CIc8WunwnKoV2.j9J.uPep8BgLAzb2VelL89I.hGiLBDNoybpO','남','010-1111-1101','차장'),
	 (1,3,'2023-01-01 00:00:00',1,NULL,30020,2,'주소 3','employee3@example.com','사원3','$2a$10$Vg4CIc8WunwnKoV2.j9J.uPep8BgLAzb2VelL89I.hGiLBDNoybpO','여','010-1111-1102','과장'),
	 (1,3,'2023-01-01 00:00:00',1,NULL,30030,2,'주소 4','employee4@example.com','사원4','$2a$10$Vg4CIc8WunwnKoV2.j9J.uPep8BgLAzb2VelL89I.hGiLBDNoybpO','남','010-1111-1103','과장'),
	 (1,2,'2023-06-01 00:00:00',1,NULL,30040,4,'주소 5','employee5@example.com','사원5','$2a$10$Vg4CIc8WunwnKoV2.j9J.uPep8BgLAzb2VelL89I.hGiLBDNoybpO','여','010-1111-1104','대리'),
	 (1,2,'2023-06-01 00:00:00',1,NULL,30050,4,'주소 6','employee6@example.com','사원6','$2a$10$Vg4CIc8WunwnKoV2.j9J.uPep8BgLAzb2VelL89I.hGiLBDNoybpO','남','010-1111-1105','대리'),
	 (1,1,'2024-01-01 00:00:00',1,NULL,30060,6,'주소 7','employee7@example.com','사원7','$2a$10$Vg4CIc8WunwnKoV2.j9J.uPep8BgLAzb2VelL89I.hGiLBDNoybpO','여','010-1111-1106','사원'),
	 (1,1,'2024-01-01 00:00:00',1,NULL,30070,6,'주소 8','employee8@example.com','사원8','$2a$10$Vg4CIc8WunwnKoV2.j9J.uPep8BgLAzb2VelL89I.hGiLBDNoybpO','남','010-1111-1107','사원'),
	 (1,1,'2024-01-01 00:00:00',1,NULL,30080,6,'주소 9','employee9@example.com','사원9','$2a$10$Vg4CIc8WunwnKoV2.j9J.uPep8BgLAzb2VelL89I.hGiLBDNoybpO','여','010-1111-1108','사원'),
	 (1,1,'2024-01-01 00:00:00',1,NULL,30090,6,'주소 10','employee10@example.com','사원10','$2a$10$Vg4CIc8WunwnKoV2.j9J.uPep8BgLAzb2VelL89I.hGiLBDNoybpO','남','010-1111-1109','사원');
INSERT INTO xe.employee (is_active,rank_id,created_date,department_id,last_modified_date,salary,supervisor_id,address,email,employee_name,employee_pw,gender,phone_number,rank_name) VALUES
	 (1,5,'2021-01-01 00:00:00',2,NULL,30100,0,'주소 11','employee11@example.com','사원11','$2a$10$Vg4CIc8WunwnKoV2.j9J.uPep8BgLAzb2VelL89I.hGiLBDNoybpO','여','010-1111-1110','부장'),
	 (1,4,'2022-01-01 00:00:00',2,NULL,30110,11,'주소 12','employee12@example.com','사원12','$2a$10$Vg4CIc8WunwnKoV2.j9J.uPep8BgLAzb2VelL89I.hGiLBDNoybpO','남','010-1111-1111','차장'),
	 (1,3,'2023-01-01 00:00:00',2,NULL,30120,12,'주소 13','employee13@example.com','사원13','$2a$10$Vg4CIc8WunwnKoV2.j9J.uPep8BgLAzb2VelL89I.hGiLBDNoybpO','여','010-1111-1112','과장'),
	 (1,3,'2023-01-01 00:00:00',2,NULL,30130,12,'주소 14','employee14@example.com','사원14','$2a$10$Vg4CIc8WunwnKoV2.j9J.uPep8BgLAzb2VelL89I.hGiLBDNoybpO','남','010-1111-1113','과장'),
	 (1,2,'2023-06-01 00:00:00',2,NULL,30140,14,'주소 15','employee15@example.com','사원15','$2a$10$Vg4CIc8WunwnKoV2.j9J.uPep8BgLAzb2VelL89I.hGiLBDNoybpO','여','010-1111-1114','대리'),
	 (1,2,'2023-06-01 00:00:00',2,NULL,30150,14,'주소 16','employee16@example.com','사원16','$2a$10$Vg4CIc8WunwnKoV2.j9J.uPep8BgLAzb2VelL89I.hGiLBDNoybpO','남','010-1111-1115','대리'),
	 (1,1,'2024-01-01 00:00:00',2,NULL,30160,16,'주소 17','employee17@example.com','사원17','$2a$10$Vg4CIc8WunwnKoV2.j9J.uPep8BgLAzb2VelL89I.hGiLBDNoybpO','여','010-1111-1116','사원'),
	 (1,1,'2024-01-01 00:00:00',2,NULL,30170,16,'주소 18','employee18@example.com','사원18','$2a$10$Vg4CIc8WunwnKoV2.j9J.uPep8BgLAzb2VelL89I.hGiLBDNoybpO','남','010-1111-1117','사원'),
	 (1,1,'2024-01-01 00:00:00',2,NULL,30180,16,'주소 19','employee19@example.com','사원19','$2a$10$Vg4CIc8WunwnKoV2.j9J.uPep8BgLAzb2VelL89I.hGiLBDNoybpO','여','010-1111-1118','사원'),
	 (1,1,'2024-01-01 00:00:00',2,NULL,30190,16,'주소 20','employee20@example.com','사원20','$2a$10$Vg4CIc8WunwnKoV2.j9J.uPep8BgLAzb2VelL89I.hGiLBDNoybpO','남','010-1111-1119','사원');
INSERT INTO xe.employee (is_active,rank_id,created_date,department_id,last_modified_date,salary,supervisor_id,address,email,employee_name,employee_pw,gender,phone_number,rank_name) VALUES
	 (1,5,'2021-01-01 00:00:00',3,NULL,30200,0,'주소 21','employee21@example.com','사원21','$2a$10$Vg4CIc8WunwnKoV2.j9J.uPep8BgLAzb2VelL89I.hGiLBDNoybpO','여','010-1111-1120','부장'),
	 (1,4,'2022-01-01 00:00:00',3,NULL,30210,21,'주소 22','employee22@example.com','사원22','$2a$10$Vg4CIc8WunwnKoV2.j9J.uPep8BgLAzb2VelL89I.hGiLBDNoybpO','남','010-1111-1121','차장'),
	 (1,3,'2023-01-01 00:00:00',3,NULL,30220,22,'주소 23','employee23@example.com','사원23','$2a$10$Vg4CIc8WunwnKoV2.j9J.uPep8BgLAzb2VelL89I.hGiLBDNoybpO','여','010-1111-1122','과장'),
	 (1,3,'2023-01-01 00:00:00',3,NULL,30230,22,'주소 24','employee24@example.com','사원24','$2a$10$Vg4CIc8WunwnKoV2.j9J.uPep8BgLAzb2VelL89I.hGiLBDNoybpO','남','010-1111-1123','과장'),
	 (1,2,'2023-06-01 00:00:00',3,NULL,30240,24,'주소 25','employee25@example.com','사원25','$2a$10$Vg4CIc8WunwnKoV2.j9J.uPep8BgLAzb2VelL89I.hGiLBDNoybpO','여','010-1111-1124','대리'),
	 (1,2,'2023-06-01 00:00:00',3,NULL,30250,24,'주소 26','employee26@example.com','사원26','$2a$10$Vg4CIc8WunwnKoV2.j9J.uPep8BgLAzb2VelL89I.hGiLBDNoybpO','남','010-1111-1125','대리'),
	 (1,1,'2024-01-01 00:00:00',3,NULL,30260,26,'주소 27','employee27@example.com','사원27','$2a$10$Vg4CIc8WunwnKoV2.j9J.uPep8BgLAzb2VelL89I.hGiLBDNoybpO','여','010-1111-1126','사원'),
	 (1,1,'2024-01-01 00:00:00',3,NULL,30270,26,'주소 28','employee28@example.com','사원28','$2a$10$Vg4CIc8WunwnKoV2.j9J.uPep8BgLAzb2VelL89I.hGiLBDNoybpO','남','010-1111-1127','사원'),
	 (1,1,'2024-01-01 00:00:00',3,NULL,30280,26,'주소 29','employee29@example.com','사원29','$2a$10$Vg4CIc8WunwnKoV2.j9J.uPep8BgLAzb2VelL89I.hGiLBDNoybpO','여','010-1111-1128','사원'),
	 (1,1,'2024-01-01 00:00:00',3,NULL,30290,26,'주소 30','employee30@example.com','사원30','$2a$10$Vg4CIc8WunwnKoV2.j9J.uPep8BgLAzb2VelL89I.hGiLBDNoybpO','남','010-1111-1129','사원');
INSERT INTO xe.employee (is_active,rank_id,created_date,department_id,last_modified_date,salary,supervisor_id,address,email,employee_name,employee_pw,gender,phone_number,rank_name) VALUES
	 (1,5,'2021-01-01 00:00:00',4,NULL,30300,0,'주소 31','employee31@example.com','사원31','$2a$10$Vg4CIc8WunwnKoV2.j9J.uPep8BgLAzb2VelL89I.hGiLBDNoybpO','여','010-1111-1130','부장'),
	 (1,4,'2022-01-01 00:00:00',4,NULL,30310,31,'주소 32','employee32@example.com','사원32','$2a$10$Vg4CIc8WunwnKoV2.j9J.uPep8BgLAzb2VelL89I.hGiLBDNoybpO','남','010-1111-1131','차장'),
	 (1,3,'2023-01-01 00:00:00',4,NULL,30320,32,'주소 33','employee33@example.com','사원33','$2a$10$Vg4CIc8WunwnKoV2.j9J.uPep8BgLAzb2VelL89I.hGiLBDNoybpO','여','010-1111-1132','과장'),
	 (1,3,'2023-01-01 00:00:00',4,NULL,30330,32,'주소 34','employee34@example.com','사원34','$2a$10$Vg4CIc8WunwnKoV2.j9J.uPep8BgLAzb2VelL89I.hGiLBDNoybpO','남','010-1111-1133','과장'),
	 (1,2,'2023-06-01 00:00:00',4,NULL,30340,34,'주소 35','employee35@example.com','사원35','$2a$10$Vg4CIc8WunwnKoV2.j9J.uPep8BgLAzb2VelL89I.hGiLBDNoybpO','여','010-1111-1134','대리'),
	 (1,2,'2023-06-01 00:00:00',4,NULL,30350,34,'주소 36','employee36@example.com','사원36','$2a$10$Vg4CIc8WunwnKoV2.j9J.uPep8BgLAzb2VelL89I.hGiLBDNoybpO','남','010-1111-1135','대리'),
	 (1,1,'2024-01-01 00:00:00',4,NULL,30360,36,'주소 37','employee37@example.com','사원37','$2a$10$Vg4CIc8WunwnKoV2.j9J.uPep8BgLAzb2VelL89I.hGiLBDNoybpO','여','010-1111-1136','사원'),
	 (1,1,'2024-01-01 00:00:00',4,NULL,30370,36,'주소 38','employee38@example.com','사원38','$2a$10$Vg4CIc8WunwnKoV2.j9J.uPep8BgLAzb2VelL89I.hGiLBDNoybpO','남','010-1111-1137','사원'),
	 (1,1,'2024-01-01 00:00:00',4,NULL,30380,36,'주소 39','employee39@example.com','사원39','$2a$10$Vg4CIc8WunwnKoV2.j9J.uPep8BgLAzb2VelL89I.hGiLBDNoybpO','여','010-1111-1138','사원'),
	 (1,1,'2024-01-01 00:00:00',4,NULL,30390,36,'주소 40','employee40@example.com','사원40','$2a$10$Vg4CIc8WunwnKoV2.j9J.uPep8BgLAzb2VelL89I.hGiLBDNoybpO','남','010-1111-1139','사원');
INSERT INTO xe.employee (is_active,rank_id,created_date,department_id,last_modified_date,salary,supervisor_id,address,email,employee_name,employee_pw,gender,phone_number,rank_name) VALUES
	 (1,5,'2021-01-01 00:00:00',5,NULL,30400,0,'주소 41','employee41@example.com','사원41','$2a$10$Vg4CIc8WunwnKoV2.j9J.uPep8BgLAzb2VelL89I.hGiLBDNoybpO','여','010-1111-1140','부장'),
	 (1,4,'2022-01-01 00:00:00',5,NULL,30410,41,'주소 42','employee42@example.com','사원42','$2a$10$Vg4CIc8WunwnKoV2.j9J.uPep8BgLAzb2VelL89I.hGiLBDNoybpO','남','010-1111-1141','차장'),
	 (1,3,'2023-01-01 00:00:00',5,NULL,30420,42,'주소 43','employee43@example.com','사원43','$2a$10$Vg4CIc8WunwnKoV2.j9J.uPep8BgLAzb2VelL89I.hGiLBDNoybpO','여','010-1111-1142','과장'),
	 (1,3,'2023-01-01 00:00:00',5,NULL,30430,42,'주소 44','employee44@example.com','사원44','$2a$10$Vg4CIc8WunwnKoV2.j9J.uPep8BgLAzb2VelL89I.hGiLBDNoybpO','남','010-1111-1143','과장'),
	 (1,2,'2023-06-01 00:00:00',5,NULL,30440,44,'주소 45','employee45@example.com','사원45','$2a$10$Vg4CIc8WunwnKoV2.j9J.uPep8BgLAzb2VelL89I.hGiLBDNoybpO','여','010-1111-1144','대리'),
	 (1,2,'2023-06-01 00:00:00',5,NULL,30450,44,'주소 46','employee46@example.com','사원46','$2a$10$Vg4CIc8WunwnKoV2.j9J.uPep8BgLAzb2VelL89I.hGiLBDNoybpO','남','010-1111-1145','대리'),
	 (1,1,'2024-01-01 00:00:00',5,NULL,30460,46,'주소 47','employee47@example.com','사원47','$2a$10$Vg4CIc8WunwnKoV2.j9J.uPep8BgLAzb2VelL89I.hGiLBDNoybpO','여','010-1111-1146','사원'),
	 (1,1,'2024-01-01 00:00:00',5,NULL,30470,46,'주소 48','employee48@example.com','사원48','$2a$10$Vg4CIc8WunwnKoV2.j9J.uPep8BgLAzb2VelL89I.hGiLBDNoybpO','남','010-1111-1147','사원'),
	 (1,1,'2024-01-01 00:00:00',5,NULL,30480,46,'주소 49','employee49@example.com','사원49','$2a$10$Vg4CIc8WunwnKoV2.j9J.uPep8BgLAzb2VelL89I.hGiLBDNoybpO','여','010-1111-1148','사원'),
	 (1,1,'2024-01-01 00:00:00',5,NULL,30490,46,'주소 50','employee50@example.com','사원50','$2a$10$Vg4CIc8WunwnKoV2.j9J.uPep8BgLAzb2VelL89I.hGiLBDNoybpO','남','010-1111-1149','사원');
INSERT INTO xe.employee (is_active,rank_id,created_date,department_id,last_modified_date,salary,supervisor_id,address,email,employee_name,employee_pw,gender,phone_number,rank_name) VALUES
	 (1,5,'2021-01-01 00:00:00',6,NULL,30500,0,'주소 51','employee51@example.com','사원51','$2a$10$Vg4CIc8WunwnKoV2.j9J.uPep8BgLAzb2VelL89I.hGiLBDNoybpO','여','010-1111-1150','부장'),
	 (1,4,'2022-01-01 00:00:00',6,NULL,30510,51,'주소 52','employee52@example.com','사원52','$2a$10$Vg4CIc8WunwnKoV2.j9J.uPep8BgLAzb2VelL89I.hGiLBDNoybpO','남','010-1111-1151','차장'),
	 (1,3,'2023-01-01 00:00:00',6,NULL,30520,52,'주소 53','employee53@example.com','사원53','$2a$10$Vg4CIc8WunwnKoV2.j9J.uPep8BgLAzb2VelL89I.hGiLBDNoybpO','여','010-1111-1152','과장'),
	 (1,3,'2023-01-01 00:00:00',6,NULL,30530,52,'주소 54','employee54@example.com','사원54','$2a$10$Vg4CIc8WunwnKoV2.j9J.uPep8BgLAzb2VelL89I.hGiLBDNoybpO','남','010-1111-1153','과장'),
	 (1,2,'2023-06-01 00:00:00',6,NULL,30540,54,'주소 55','employee55@example.com','사원55','$2a$10$Vg4CIc8WunwnKoV2.j9J.uPep8BgLAzb2VelL89I.hGiLBDNoybpO','여','010-1111-1154','대리'),
	 (1,2,'2023-06-01 00:00:00',6,NULL,30550,54,'주소 56','employee56@example.com','사원56','$2a$10$Vg4CIc8WunwnKoV2.j9J.uPep8BgLAzb2VelL89I.hGiLBDNoybpO','남','010-1111-1155','대리'),
	 (1,1,'2024-01-01 00:00:00',6,NULL,30560,56,'주소 57','employee57@example.com','사원57','$2a$10$Vg4CIc8WunwnKoV2.j9J.uPep8BgLAzb2VelL89I.hGiLBDNoybpO','여','010-1111-1156','사원'),
	 (1,1,'2024-01-01 00:00:00',6,NULL,30570,56,'주소 58','employee58@example.com','사원58','$2a$10$Vg4CIc8WunwnKoV2.j9J.uPep8BgLAzb2VelL89I.hGiLBDNoybpO','남','010-1111-1157','사원'),
	 (1,1,'2024-01-01 00:00:00',6,NULL,30580,56,'주소 59','employee59@example.com','사원59','$2a$10$Vg4CIc8WunwnKoV2.j9J.uPep8BgLAzb2VelL89I.hGiLBDNoybpO','여','010-1111-1158','사원'),
	 (1,1,'2024-01-01 00:00:00',6,NULL,30590,56,'주소 60','employee60@example.com','사원60','$2a$10$Vg4CIc8WunwnKoV2.j9J.uPep8BgLAzb2VelL89I.hGiLBDNoybpO','남','010-1111-1159','사원');
INSERT INTO xe.employee (is_active,rank_id,created_date,department_id,last_modified_date,salary,supervisor_id,address,email,employee_name,employee_pw,gender,phone_number,rank_name) VALUES
	 (1,5,'2021-01-01 00:00:00',7,NULL,30600,0,'주소 61','employee61@example.com','사원61','$2a$10$Vg4CIc8WunwnKoV2.j9J.uPep8BgLAzb2VelL89I.hGiLBDNoybpO','여','010-1111-1160','부장'),
	 (1,4,'2022-01-01 00:00:00',7,NULL,30610,61,'주소 62','employee62@example.com','사원62','$2a$10$Vg4CIc8WunwnKoV2.j9J.uPep8BgLAzb2VelL89I.hGiLBDNoybpO','남','010-1111-1161','차장'),
	 (1,3,'2023-01-01 00:00:00',7,NULL,30620,62,'주소 63','employee63@example.com','사원63','$2a$10$Vg4CIc8WunwnKoV2.j9J.uPep8BgLAzb2VelL89I.hGiLBDNoybpO','여','010-1111-1162','과장'),
	 (1,3,'2023-01-01 00:00:00',7,NULL,30630,62,'주소 64','employee64@example.com','사원64','$2a$10$Vg4CIc8WunwnKoV2.j9J.uPep8BgLAzb2VelL89I.hGiLBDNoybpO','남','010-1111-1163','과장'),
	 (1,2,'2023-06-01 00:00:00',7,NULL,30640,64,'주소 65','employee65@example.com','사원65','$2a$10$Vg4CIc8WunwnKoV2.j9J.uPep8BgLAzb2VelL89I.hGiLBDNoybpO','여','010-1111-1164','대리'),
	 (1,2,'2023-06-01 00:00:00',7,NULL,30650,64,'주소 66','employee66@example.com','사원66','$2a$10$Vg4CIc8WunwnKoV2.j9J.uPep8BgLAzb2VelL89I.hGiLBDNoybpO','남','010-1111-1165','대리'),
	 (1,1,'2024-01-01 00:00:00',7,NULL,30660,66,'주소 67','employee67@example.com','사원67','$2a$10$Vg4CIc8WunwnKoV2.j9J.uPep8BgLAzb2VelL89I.hGiLBDNoybpO','여','010-1111-1166','사원'),
	 (1,1,'2024-01-01 00:00:00',7,NULL,30670,66,'주소 68','employee68@example.com','사원68','$2a$10$Vg4CIc8WunwnKoV2.j9J.uPep8BgLAzb2VelL89I.hGiLBDNoybpO','남','010-1111-1167','사원'),
	 (1,1,'2024-01-01 00:00:00',7,NULL,30680,66,'주소 69','employee69@example.com','사원69','$2a$10$Vg4CIc8WunwnKoV2.j9J.uPep8BgLAzb2VelL89I.hGiLBDNoybpO','여','010-1111-1168','사원'),
	 (1,1,'2024-01-01 00:00:00',7,NULL,30690,66,'주소 70','employee70@example.com','사원70','$2a$10$Vg4CIc8WunwnKoV2.j9J.uPep8BgLAzb2VelL89I.hGiLBDNoybpO','남','010-1111-1169','사원');
INSERT INTO xe.employee (is_active,rank_id,created_date,department_id,last_modified_date,salary,supervisor_id,address,email,employee_name,employee_pw,gender,phone_number,rank_name) VALUES
	 (1,5,'2021-01-01 00:00:00',8,NULL,30700,0,'주소 71','employee71@example.com','사원71','$2a$10$Vg4CIc8WunwnKoV2.j9J.uPep8BgLAzb2VelL89I.hGiLBDNoybpO','여','010-1111-1170','부장'),
	 (1,4,'2022-01-01 00:00:00',8,NULL,30710,71,'주소 72','employee72@example.com','사원72','$2a$10$Vg4CIc8WunwnKoV2.j9J.uPep8BgLAzb2VelL89I.hGiLBDNoybpO','남','010-1111-1171','차장'),
	 (1,3,'2023-01-01 00:00:00',8,NULL,30720,72,'주소 73','employee73@example.com','사원73','$2a$10$Vg4CIc8WunwnKoV2.j9J.uPep8BgLAzb2VelL89I.hGiLBDNoybpO','여','010-1111-1172','과장'),
	 (1,3,'2023-01-01 00:00:00',8,NULL,30730,72,'주소 74','employee74@example.com','사원74','$2a$10$Vg4CIc8WunwnKoV2.j9J.uPep8BgLAzb2VelL89I.hGiLBDNoybpO','남','010-1111-1173','과장'),
	 (1,2,'2023-06-01 00:00:00',8,NULL,30740,74,'주소 75','employee75@example.com','사원75','$2a$10$Vg4CIc8WunwnKoV2.j9J.uPep8BgLAzb2VelL89I.hGiLBDNoybpO','여','010-1111-1174','대리'),
	 (1,2,'2023-06-01 00:00:00',8,NULL,30750,74,'주소 76','employee76@example.com','사원76','$2a$10$Vg4CIc8WunwnKoV2.j9J.uPep8BgLAzb2VelL89I.hGiLBDNoybpO','남','010-1111-1175','대리'),
	 (1,1,'2024-01-01 00:00:00',8,NULL,30760,76,'주소 77','employee77@example.com','사원77','$2a$10$Vg4CIc8WunwnKoV2.j9J.uPep8BgLAzb2VelL89I.hGiLBDNoybpO','여','010-1111-1176','사원'),
	 (1,1,'2024-01-01 00:00:00',8,NULL,30770,76,'주소 78','employee78@example.com','사원78','$2a$10$Vg4CIc8WunwnKoV2.j9J.uPep8BgLAzb2VelL89I.hGiLBDNoybpO','남','010-1111-1177','사원'),
	 (1,1,'2024-01-01 00:00:00',8,NULL,30780,76,'주소 79','employee79@example.com','사원79','$2a$10$Vg4CIc8WunwnKoV2.j9J.uPep8BgLAzb2VelL89I.hGiLBDNoybpO','여','010-1111-1178','사원'),
	 (1,1,'2024-01-01 00:00:00',8,NULL,30790,76,'주소 80','employee80@example.com','사원80','$2a$10$Vg4CIc8WunwnKoV2.j9J.uPep8BgLAzb2VelL89I.hGiLBDNoybpO','남','010-1111-1179','사원');
INSERT INTO xe.employee (is_active,rank_id,created_date,department_id,last_modified_date,salary,supervisor_id,address,email,employee_name,employee_pw,gender,phone_number,rank_name) VALUES
	 (1,5,'2021-01-01 00:00:00',9,NULL,30800,0,'주소 81','employee81@example.com','사원81','$2a$10$Vg4CIc8WunwnKoV2.j9J.uPep8BgLAzb2VelL89I.hGiLBDNoybpO','여','010-1111-1180','부장'),
	 (1,4,'2022-01-01 00:00:00',9,NULL,30810,81,'주소 82','employee82@example.com','사원82','$2a$10$Vg4CIc8WunwnKoV2.j9J.uPep8BgLAzb2VelL89I.hGiLBDNoybpO','남','010-1111-1181','차장'),
	 (1,3,'2023-01-01 00:00:00',9,NULL,30820,82,'주소 83','employee83@example.com','사원83','$2a$10$Vg4CIc8WunwnKoV2.j9J.uPep8BgLAzb2VelL89I.hGiLBDNoybpO','여','010-1111-1182','과장'),
	 (1,3,'2023-01-01 00:00:00',9,NULL,30830,82,'주소 84','employee84@example.com','사원84','$2a$10$Vg4CIc8WunwnKoV2.j9J.uPep8BgLAzb2VelL89I.hGiLBDNoybpO','남','010-1111-1183','과장'),
	 (1,2,'2023-06-01 00:00:00',9,NULL,30840,84,'주소 85','employee85@example.com','사원85','$2a$10$Vg4CIc8WunwnKoV2.j9J.uPep8BgLAzb2VelL89I.hGiLBDNoybpO','여','010-1111-1184','대리'),
	 (1,2,'2023-06-01 00:00:00',9,NULL,30850,84,'주소 86','employee86@example.com','사원86','$2a$10$Vg4CIc8WunwnKoV2.j9J.uPep8BgLAzb2VelL89I.hGiLBDNoybpO','남','010-1111-1185','대리'),
	 (1,1,'2024-01-01 00:00:00',9,NULL,30860,86,'주소 87','employee87@example.com','사원87','$2a$10$Vg4CIc8WunwnKoV2.j9J.uPep8BgLAzb2VelL89I.hGiLBDNoybpO','여','010-1111-1186','사원'),
	 (1,1,'2024-01-01 00:00:00',9,NULL,30870,86,'주소 88','employee88@example.com','사원88','$2a$10$Vg4CIc8WunwnKoV2.j9J.uPep8BgLAzb2VelL89I.hGiLBDNoybpO','남','010-1111-1187','사원'),
	 (1,1,'2024-01-01 00:00:00',9,NULL,30880,86,'주소 89','employee89@example.com','사원89','$2a$10$Vg4CIc8WunwnKoV2.j9J.uPep8BgLAzb2VelL89I.hGiLBDNoybpO','여','010-1111-1188','사원'),
	 (1,1,'2024-01-01 00:00:00',9,NULL,30890,86,'주소 90','employee90@example.com','사원90','$2a$10$Vg4CIc8WunwnKoV2.j9J.uPep8BgLAzb2VelL89I.hGiLBDNoybpO','남','010-1111-1189','사원');
INSERT INTO xe.employee (is_active,rank_id,created_date,department_id,last_modified_date,salary,supervisor_id,address,email,employee_name,employee_pw,gender,phone_number,rank_name) VALUES
	 (1,5,'2021-01-01 00:00:00',10,NULL,30900,0,'주소 91','employee91@example.com','사원91','$2a$10$Vg4CIc8WunwnKoV2.j9J.uPep8BgLAzb2VelL89I.hGiLBDNoybpO','여','010-1111-1190','부장'),
	 (1,4,'2022-01-01 00:00:00',10,NULL,30910,91,'주소 92','employee92@example.com','사원92','$2a$10$Vg4CIc8WunwnKoV2.j9J.uPep8BgLAzb2VelL89I.hGiLBDNoybpO','남','010-1111-1191','차장'),
	 (1,3,'2023-01-01 00:00:00',10,NULL,30920,92,'주소 93','employee93@example.com','사원93','$2a$10$Vg4CIc8WunwnKoV2.j9J.uPep8BgLAzb2VelL89I.hGiLBDNoybpO','여','010-1111-1192','과장'),
	 (1,3,'2023-01-01 00:00:00',10,NULL,30930,92,'주소 94','employee94@example.com','사원94','$2a$10$Vg4CIc8WunwnKoV2.j9J.uPep8BgLAzb2VelL89I.hGiLBDNoybpO','남','010-1111-1193','과장'),
	 (1,2,'2023-06-01 00:00:00',10,NULL,30940,94,'주소 95','employee95@example.com','사원95','$2a$10$Vg4CIc8WunwnKoV2.j9J.uPep8BgLAzb2VelL89I.hGiLBDNoybpO','여','010-1111-1194','대리'),
	 (1,2,'2023-06-01 00:00:00',10,NULL,30950,94,'주소 96','employee96@example.com','사원96','$2a$10$Vg4CIc8WunwnKoV2.j9J.uPep8BgLAzb2VelL89I.hGiLBDNoybpO','남','010-1111-1195','대리'),
	 (1,1,'2024-01-01 00:00:00',10,NULL,30960,96,'주소 97','employee97@example.com','사원97','$2a$10$Vg4CIc8WunwnKoV2.j9J.uPep8BgLAzb2VelL89I.hGiLBDNoybpO','여','010-1111-1196','사원'),
	 (1,1,'2024-01-01 00:00:00',10,NULL,30970,96,'주소 98','employee98@example.com','사원98','$2a$10$Vg4CIc8WunwnKoV2.j9J.uPep8BgLAzb2VelL89I.hGiLBDNoybpO','남','010-1111-1197','사원'),
	 (1,1,'2024-01-01 00:00:00',10,NULL,30980,96,'주소 99','employee99@example.com','사원99','$2a$10$Vg4CIc8WunwnKoV2.j9J.uPep8BgLAzb2VelL89I.hGiLBDNoybpO','여','010-1111-1198','사원'),
	 (1,1,'2024-01-01 00:00:00',10,NULL,30990,96,'주소 100','employee100@example.com','사원100','$2a$10$Vg4CIc8WunwnKoV2.j9J.uPep8BgLAzb2VelL89I.hGiLBDNoybpO','남','010-1111-1199','사원');


INSERT INTO xe.materialflow_business (address, business_name, business_number, ceo, ceo_tel, fax, item, type) VALUES ('서울특별시 강남구 테헤란로 123번지 45층', '중앙HTA', '123-45-67900', '최기리', '010-5678-1234', '02-1234-5678', 'IT 교육, 국비훈련', '교육 서비스업');
INSERT INTO xe.materialflow_business (address, business_name, business_number, ceo, ceo_tel, fax, item, type) VALUES ('경기도 이천시 이천동 2000번지 2000-1', '◎◎제약™', '123-45-67890', '홍길동', '010-1234-1325', '031-123-1325', '유제품', '제조업');
INSERT INTO xe.materialflow_business (address, business_name, business_number, ceo, ceo_tel, fax, item, type) VALUES ('서울특별시 강남구 테헤란로 123', '◇◇식품', '124-45-67891', '김영희', '010-5678-1325', '02-567-1325', '음료수', '식품업');
INSERT INTO xe.materialflow_business (address, business_name, business_number, ceo, ceo_tel, fax, item, type) VALUES ('부산광역시 해운대구 우동 1234', '☆☆유통', '125-45-67892', '이철수', '010-8765-4321', '051-876-4321', '가전제품', '유통업');
INSERT INTO xe.materialflow_business (address, business_name, business_number, ceo, ceo_tel, fax, item, type) VALUES ('대구광역시 달서구 상인동 987', '▲▲무역', '126-45-67893', '박영수', '010-4567-7890', '053-456-7890', '자동차 부품', '무역업');
INSERT INTO xe.materialflow_business (address, business_name, business_number, ceo, ceo_tel, fax, item, type) VALUES ('울산광역시 남구 삼산동 456', '♤♤화학', '127-45-67894', '최지우', '010-2345-6789', '052-234-6789', '화학물질', '화학업');
INSERT INTO xe.materialflow_business (address, business_name, business_number, ceo, ceo_tel, fax, item, type) VALUES ('전라북도 전주시 완산구 서노송동 789', '◆◆농산', '128-45-67895', '김민수', '010-3456-7891', '063-345-7891', '농산물', '농업');
INSERT INTO xe.materialflow_business (address, business_name, business_number, ceo, ceo_tel, fax, item, type) VALUES ('경상남도 창원시 마산합포구 중앙동 123', '◇◇기계', '129-45-67896', '이성민', '010-4567-8912', '055-456-8912', '기계부품', '기계업');
INSERT INTO xe.materialflow_business (address, business_name, business_number, ceo, ceo_tel, fax, item, type) VALUES ('경기도 수원시 팔달구 매산로 456', '○○전자', '130-45-67897', '박현준', '010-5678-9123', '031-567-9123', '전자제품', '전자업');
INSERT INTO xe.materialflow_business (address, business_name, business_number, ceo, ceo_tel, fax, item, type) VALUES ('서울특별시 마포구 서교동 789', '△△의료', '131-45-67898', '최예진', '010-6789-1234', '02-678-1234', '의료기기', '의료업');
INSERT INTO xe.materialflow_business (address, business_name, business_number, ceo, ceo_tel, fax, item, type) VALUES ('서울특별시 강남구 테헤란로 123번지 45층', '중앙HTA', '123-45-67900', '최기리', '010-5678-1234', '02-1234-5678', 'IT 교육, 국비훈련', '교육 서비스업');
INSERT INTO xe.materialflow_business (address, business_name, business_number, ceo, ceo_tel, fax, item, type) VALUES ('대전광역시 중구 은행동 123', '▣▣섬유', '132-45-67899', '홍석현', '010-7891-2345', '042-789-2345', '섬유제품', '섬유업');
INSERT INTO xe.materialflow_business (address, business_name, business_number, ceo, ceo_tel, fax, item, type) VALUES ('서울특별시 강남구 서초동 123-45', '삼성전자', '123-45-67890', '이재용', '010-1234-5678', '02-123-4567', '전자제품', '제조업');
INSERT INTO xe.materialflow_business (address, business_name, business_number, ceo, ceo_tel, fax, item, type) VALUES ('서울특별시 영등포구 여의도동 234-56', 'LG화학', '124-45-67891', '신학철', '010-2345-6789', '02-234-5678', '화학물질', '화학업');
INSERT INTO xe.materialflow_business (address, business_name, business_number, ceo, ceo_tel, fax, item, type) VALUES ('서울특별시 서초구 양재동 345-67', '현대자동차', '125-45-67892', '정의선', '010-3456-7890', '02-345-6789', '자동차', '제조업');
INSERT INTO xe.materialflow_business (address, business_name, business_number, ceo, ceo_tel, fax, item, type) VALUES ('경기도 성남시 분당구 불정로 6', '네이버', '126-45-67893', '최수연', '010-4567-8901', '031-456-7890', '인터넷 서비스', '서비스업');
INSERT INTO xe.materialflow_business (address, business_name, business_number, ceo, ceo_tel, fax, item, type) VALUES ('경기도 성남시 분당구 대왕판교로 645번길 16', '카카오', '127-45-67894', '홍은택', '010-5678-9012', '031-567-8901', '모바일 서비스', '정보통신업');
INSERT INTO xe.materialflow_business (address, business_name, business_number, ceo, ceo_tel, fax, item, type) VALUES ('서울특별시 용산구 한강대로 100', '아모레퍼시픽', '128-45-67895', '서경배', '010-6789-0123', '02-678-9012', '화장품', '제조업');
INSERT INTO xe.materialflow_business (address, business_name, business_number, ceo, ceo_tel, fax, item, type) VALUES ('서울특별시 강남구 테헤란로 152', '하이트진로', '129-45-67896', '김인규', '010-7890-1234', '02-789-0123', '음료', '제조업');
INSERT INTO xe.materialflow_business (address, business_name, business_number, ceo, ceo_tel, fax, item, type) VALUES ('경기도 이천시 부발읍 경충대로 2091', 'SK하이닉스', '130-45-67897', '이석희', '010-8901-2345', '031-890-1234', '반도체', '제조업');
INSERT INTO xe.materialflow_business (address, business_name, business_number, ceo, ceo_tel, fax, item, type) VALUES ('서울특별시 중구 동호로 330', 'CJ제일제당', '131-45-67898', '강신호', '010-9012-3456', '02-901-2345', '식품', '제조업');
INSERT INTO xe.materialflow_business (address, business_name, business_number, ceo, ceo_tel, fax, item, type) VALUES ('서울특별시 강서구 하늘길 77', '대한항공', '132-45-67899', '우기홍', '010-0123-4567', '02-012-3456', '항공 서비스', '운송업');


INSERT INTO board (create_date, department_id, employee_id, update_date, content, ip_address, subject, title, board_type) VALUES
  (DATE_SUB(NOW(), INTERVAL 600 MINUTE), 1, 1, NULL, '{"time":1724201390946,"blocks":[{"id":"1","type":"header","data":{"text":"부서 목표 달성 현황","level":3}},{"id":"2","type":"paragraph","data":{"text":"2024년 목표 달성 현황을 보고드립니다."}},{"id":"3","type":"list","data":{"style":"unordered","items":["목표 1: 매출 10% 증가","목표 2: 고객 만족도 90% 달성","목표 3: 신규 제품 출시"]}},{"id":"4","type":"paragraph","data":{"text":"현재 달성 상황은 다음과 같습니다."}},{"id":"5","type":"list","data":{"style":"unordered","items":["매출: 8% 증가","고객 만족도: 85%","신규 제품 출시: 완료"]}}],"version":"2.30.5"}', '192.168.0.1', 'general', '부서 목표 달성 현황', 'DEPARTMENT'),
  (DATE_SUB(NOW(), INTERVAL 590 MINUTE), 1, 2, NULL, '{"time":1724201390946,"blocks":[{"id":"1","type":"header","data":{"text":"고객 피드백 요약","level":3}},{"id":"2","type":"paragraph","data":{"text":"최근 고객 피드백을 요약하여 보고드립니다."}},{"id":"3","type":"list","data":{"style":"unordered","items":["긍정적인 피드백: 서비스 품질에 대한 만족도 높음","부정적인 피드백: 배송 지연 문제"]}},{"id":"4","type":"paragraph","data":{"text":"향후 개선 방안은 다음과 같습니다."}},{"id":"5","type":"list","data":{"style":"unordered","items":["배송 프로세스 개선","고객 서비스 교육 강화"]}}],"version":"2.30.5"}', '192.168.0.2', 'suggestion', '고객 피드백 요약', 'DEPARTMENT'),
  (DATE_SUB(NOW(), INTERVAL 580 MINUTE), 1, 3, NULL, '{"time":1724201390946,"blocks":[{"id":"1","type":"header","data":{"text":"시스템 오류 보고","level":3}},{"id":"2","type":"paragraph","data":{"text":"다음은 최근 시스템 오류에 대한 보고입니다."}},{"id":"3","type":"list","data":{"style":"unordered","items":["오류 1: 로그인 문제","오류 2: 데이터 백업 실패"]}},{"id":"4","type":"paragraph","data":{"text":"문제 해결을 위한 조치는 다음과 같습니다."}},{"id":"5","type":"list","data":{"style":"unordered","items":["로그인 문제: 시스템 점검 및 업데이트 진행","데이터 백업: 백업 스크립트 점검 및 재설정"]}}],"version":"2.30.5"}', '192.168.0.3', 'error', '시스템 오류 보고', 'DEPARTMENT'),
  (DATE_SUB(NOW(), INTERVAL 570 MINUTE), 1, 4, NULL, '{"time":1724201390946,"blocks":[{"id":"1","type":"header","data":{"text":"팀 회의 일정 안내","level":3}},{"id":"2","type":"paragraph","data":{"text":"다음 팀 회의 일정과 관련된 사항을 안내드립니다."}},{"id":"3","type":"list","data":{"style":"unordered","items":["회의 일시: 2024년 8월 30일 10:00 AM","회의 장소: 본사 회의실","회의 안건: 프로젝트 진행 상황 점검"]}},{"id":"4","type":"paragraph","data":{"text":"참석 부탁드립니다."}}],"version":"2.30.5"}', '192.168.0.4', 'announcement', '팀 회의 일정 안내', 'DEPARTMENT'),
  (DATE_SUB(NOW(), INTERVAL 560 MINUTE), 1, 5, NULL, '{"time":1724201390946,"blocks":[{"id":"1","type":"header","data":{"text":"정책 변경 공지","level":3}},{"id":"2","type":"paragraph","data":{"text":"다음은 최신 정책 변경 사항입니다."}},{"id":"3","type":"list","data":{"style":"unordered","items":["정책 1: 연차 사용 규정 변경","정책 2: 출근 시간 조정"]}},{"id":"4","type":"paragraph","data":{"text":"정책 변경에 대한 세부 사항은 인사팀에 문의하시기 바랍니다."}}],"version":"2.30.5"}', '192.168.0.5', 'mandatory', '정책 변경 공지', 'DEPARTMENT'),
  (DATE_SUB(NOW(), INTERVAL 550 MINUTE), 1, 6, NULL, '{"time":1724201390946,"blocks":[{"id":"1","type":"header","data":{"text":"프로젝트 완료 보고","level":3}},{"id":"2","type":"paragraph","data":{"text":"최근 완료된 프로젝트에 대한 보고서입니다."}},{"id":"3","type":"list","data":{"style":"unordered","items":["프로젝트 1: ABC 시스템 구현 완료","프로젝트 2: 고객 포털 리뉴얼 완료"]}},{"id":"4","type":"paragraph","data":{"text":"향후 계획은 다음과 같습니다."}},{"id":"5","type":"list","data":{"style":"unordered","items":["다음 프로젝트: DEF 시스템 개발","업데이트: 고객 피드백 반영"]}}],"version":"2.30.5"}', '192.168.0.6', 'general', '프로젝트 완료 보고', 'DEPARTMENT'),
  (DATE_SUB(NOW(), INTERVAL 540 MINUTE), 1, 7, NULL, '{"time":1724201390946,"blocks":[{"id":"1","type":"header","data":{"text":"팀 성과 리뷰","level":3}},{"id":"2","type":"paragraph","data":{"text":"팀의 최근 성과를 리뷰합니다."}},{"id":"3","type":"list","data":{"style":"unordered","items":["성과 1: 매출 15% 증가","성과 2: 고객 만족도 92% 달성"]}},{"id":"4","type":"paragraph","data":{"text":"향후 목표는 다음과 같습니다."}},{"id":"5","type":"list","data":{"style":"unordered","items":["목표 1: 매출 20% 증가","목표 2: 고객 만족도 95% 달성"]}}],"version":"2.30.5"}', '192.168.0.7', 'suggestion', '팀 성과 리뷰', 'DEPARTMENT'),
  (DATE_SUB(NOW(), INTERVAL 530 MINUTE), 1, 8, NULL, '{"time":1724201390946,"blocks":[{"id":"1","type":"header","data":{"text":"고객 요청 사항","level":3}},{"id":"2","type":"paragraph","data":{"text":"최근 고객 요청 사항을 정리하였습니다."}},{"id":"3","type":"list","data":{"style":"unordered","items":["요청 사항 1: 기능 개선 요청","요청 사항 2: 서비스 확장 요청"]}},{"id":"4","type":"paragraph","data":{"text":"요청 사항에 대한 대응 방안은 다음과 같습니다."}},{"id":"5","type":"list","data":{"style":"unordered","items":["기능 개선: 개발팀에 요청","서비스 확장: 마케팅 팀과 협의"]}}],"version":"2.30.5"}', '192.168.0.8', 'error', '고객 요청 사항', 'DEPARTMENT'),
  (DATE_SUB(NOW(), INTERVAL 520 MINUTE), 1, 9, NULL, '{"time":1724201390946,"blocks":[{"id":"1","type":"header","data":{"text":"부서 성과 분석","level":3}},{"id":"2","type":"paragraph","data":{"text":"부서의 최근 성과를 분석합니다."}},{"id":"3","type":"list","data":{"style":"unordered","items":["성과 1: 매출 목표 110% 달성","성과 2: 고객 만족도 88%"]}},{"id":"4","type":"paragraph","data":{"text":"분석 결과는 다음과 같습니다."}},{"id":"5","type":"list","data":{"style":"unordered","items":["매출 성과: 목표를 초과 달성하였으나, 고객 만족도는 미비함","고객 피드백 분석: 긍정적인 피드백이 대부분"]}}],"version":"2.30.5"}', '192.168.0.9', 'general', '부서 성과 분석', 'DEPARTMENT'),
  (DATE_SUB(NOW(), INTERVAL 510 MINUTE), 1, 10, NULL, '{"time":1724201390946,"blocks":[{"id":"1","type":"header","data":{"text":"신규 프로젝트 제안","level":3}},{"id":"2","type":"paragraph","data":{"text":"다음은 신규 프로젝트 제안 사항입니다."}},{"id":"3","type":"list","data":{"style":"unordered","items":["프로젝트 1: AI 기반 고객 지원 시스템 개발","프로젝트 2: 글로벌 시장 진출 전략 수립"]}},{"id":"4","type":"paragraph","data":{"text":"제안에 대한 피드백은 다음과 같습니다."}},{"id":"5","type":"list","data":{"style":"unordered","items":["AI 프로젝트: 개발팀 검토 후 진행 여부 결정","글로벌 전략: 시장 조사 후 계획 수립"]}}],"version":"2.30.5"}', '192.168.0.10', 'suggestion', '신규 프로젝트 제안', 'DEPARTMENT'),
  (DATE_SUB(NOW(), INTERVAL 500 MINUTE), 1, 1, NULL, '{"time":1724201390946,"blocks":[{"id":"1","type":"header","data":{"text":"성공 사례 보고","level":3}},{"id":"2","type":"paragraph","data":{"text":"최근 성공적인 프로젝트 사례를 보고드립니다."}},{"id":"3","type":"list","data":{"style":"unordered","items":["사례 1: 신규 제품 출시 성공","사례 2: 주요 클라이언트 계약 체결"]}},{"id":"4","type":"paragraph","data":{"text":"성과 분석은 다음과 같습니다."}},{"id":"5","type":"list","data":{"style":"unordered","items":["제품 출시: 예상 매출 초과 달성","계약 체결: 장기 계약으로 인한 안정적 매출"]}}],"version":"2.30.5"}', '192.168.0.11', 'general', '성공 사례 보고', 'DEPARTMENT'),
  (DATE_SUB(NOW(), INTERVAL 490 MINUTE), 1, 2, NULL, '{"time":1724201390946,"blocks":[{"id":"1","type":"header","data":{"text":"작업 진행 상황","level":3}},{"id":"2","type":"paragraph","data":{"text":"현재 진행 중인 작업의 상황을 보고드립니다."}},{"id":"3","type":"list","data":{"style":"unordered","items":["작업 1: 웹사이트 리뉴얼 - 진행률 70%","작업 2: 서버 업그레이드 - 완료"]}},{"id":"4","type":"paragraph","data":{"text":"남은 작업은 다음과 같습니다."}},{"id":"5","type":"list","data":{"style":"unordered","items":["웹사이트 리뉴얼: 30% 추가 작업 필요"]}}],"version":"2.30.5"}', '192.168.0.12', 'announcement', '작업 진행 상황', 'DEPARTMENT'),
  (DATE_SUB(NOW(), INTERVAL 480 MINUTE), 1, 3, NULL, '{"time":1724201390946,"blocks":[{"id":"1","type":"header","data":{"text":"팀 목표 검토","level":3}},{"id":"2","type":"paragraph","data":{"text":"팀의 목표 달성 현황을 검토합니다."}},{"id":"3","type":"list","data":{"style":"unordered","items":["목표 1: 연간 매출 20% 증가","목표 2: 고객 피드백 점수 90% 이상 유지"]}},{"id":"4","type":"paragraph","data":{"text":"검토 결과는 다음과 같습니다."}},{"id":"5","type":"list","data":{"style":"unordered","items":["매출 증가: 18% 달성","고객 피드백: 87%"]}}],"version":"2.30.5"}', '192.168.0.13', 'general', '팀 목표 검토', 'DEPARTMENT'),
  (DATE_SUB(NOW(), INTERVAL 470 MINUTE), 1, 4, NULL, '{"time":1724201390946,"blocks":[{"id":"1","type":"header","data":{"text":"서비스 개선 제안","level":3}},{"id":"2","type":"paragraph","data":{"text":"서비스 개선을 위한 제안을 드립니다."}},{"id":"3","type":"list","data":{"style":"unordered","items":["제안 1: 고객 피드백을 반영한 서비스 개선","제안 2: 최신 기술을 활용한 서비스 최적화"]}},{"id":"4","type":"paragraph","data":{"text":"제안에 대한 검토 결과는 다음과 같습니다."}},{"id":"5","type":"list","data":{"style":"unordered","items":["피드백 반영: 서비스 개선 계획 수립","기술 활용: 기술팀과 논의"]}}],"version":"2.30.5"}', '192.168.0.14', 'suggestion', '서비스 개선 제안', 'DEPARTMENT'),
  (DATE_SUB(NOW(), INTERVAL 460 MINUTE), 1, 5, NULL, '{"time":1724201390946,"blocks":[{"id":"1","type":"header","data":{"text":"팀 성과 분석","level":3}},{"id":"2","type":"paragraph","data":{"text":"팀의 최근 성과를 분석합니다."}},{"id":"3","type":"list","data":{"style":"unordered","items":["성과 1: 고객 만족도 85%","성과 2: 매출 목표 95% 달성"]}},{"id":"4","type":"paragraph","data":{"text":"분석 결과는 다음과 같습니다."}},{"id":"5","type":"list","data":{"style":"unordered","items":["고객 만족도: 서비스 개선 필요","매출 목표: 목표 달성 성공"]}}],"version":"2.30.5"}', '192.168.0.15', 'general', '팀 성과 분석', 'DEPARTMENT'),
  (DATE_SUB(NOW(), INTERVAL 450 MINUTE), 1, 6, NULL, '{"time":1724201390946,"blocks":[{"id":"1","type":"header","data":{"text":"프로젝트 진행 상황","level":3}},{"id":"2","type":"paragraph","data":{"text":"현재 진행 중인 프로젝트의 상황을 보고드립니다."}},{"id":"3","type":"list","data":{"style":"unordered","items":["프로젝트 1: CRM 시스템 구축 - 진행률 80%","프로젝트 2: 신규 마케팅 캠페인 - 시작 단계"]}},{"id":"4","type":"paragraph","data":{"text":"남은 작업과 계획은 다음과 같습니다."}},{"id":"5","type":"list","data":{"style":"unordered","items":["CRM 시스템: 20% 추가 작업 필요","마케팅 캠페인: 전략 수립 후 진행"]}}],"version":"2.30.5"}', '192.168.0.16', 'announcement', '프로젝트 진행 상황', 'DEPARTMENT'),
  (DATE_SUB(NOW(), INTERVAL 440 MINUTE), 1, 7, NULL, '{"time":1724201390946,"blocks":[{"id":"1","type":"header","data":{"text":"고객 요구 사항","level":3}},{"id":"2","type":"paragraph","data":{"text":"최근 고객 요구 사항을 정리하였습니다."}},{"id":"3","type":"list","data":{"style":"unordered","items":["요구 사항 1: 기능 개선 요청","요구 사항 2: 서비스 품질 향상 요청"]}},{"id":"4","type":"paragraph","data":{"text":"요구 사항에 대한 대응 방안은 다음과 같습니다."}},{"id":"5","type":"list","data":{"style":"unordered","items":["기능 개선: 개발팀에 전달","서비스 품질 향상: 고객 서비스팀과 협의"]}}],"version":"2.30.5"}', '192.168.0.17', 'error', '고객 요구 사항', 'DEPARTMENT'),
  (DATE_SUB(NOW(), INTERVAL 430 MINUTE), 1, 8, NULL, '{"time":1724201390946,"blocks":[{"id":"1","type":"header","data":{"text":"정책 검토","level":3}},{"id":"2","type":"paragraph","data":{"text":"정책 검토 결과를 보고드립니다."}},{"id":"3","type":"list","data":{"style":"unordered","items":["정책 1: 업무 효율성 증가","정책 2: 고객 응대 절차 개선"]}},{"id":"4","type":"paragraph","data":{"text":"검토 결과는 다음과 같습니다."}},{"id":"5","type":"list","data":{"style":"unordered","items":["업무 효율성: 긍정적인 변화 관찰","고객 응대: 개선 필요"]}}],"version":"2.30.5"}', '192.168.0.18', 'mandatory', '정책 검토', 'DEPARTMENT'),
  (DATE_SUB(NOW(), INTERVAL 420 MINUTE), 1, 9, NULL, '{"time":1724201390946,"blocks":[{"id":"1","type":"header","data":{"text":"서비스 개선 현황","level":3}},{"id":"2","type":"paragraph","data":{"text":"서비스 개선 진행 현황을 보고드립니다."}},{"id":"3","type":"list","data":{"style":"unordered","items":["개선 사항 1: 사용자 인터페이스 개선","개선 사항 2: 고객 지원 프로세스 개선"]}},{"id":"4","type":"paragraph","data":{"text":"개선 작업 결과는 다음과 같습니다."}},{"id":"5","type":"list","data":{"style":"unordered","items":["인터페이스 개선: 완료","고객 지원 프로세스: 진행 중"]}}],"version":"2.30.5"}', '192.168.0.19', 'suggestion', '서비스 개선 현황', 'DEPARTMENT'),
  (DATE_SUB(NOW(), INTERVAL 410 MINUTE), 1, 10, NULL, '{"time":1724201390946,"blocks":[{"id":"1","type":"header","data":{"text":"팀 목표 설정","level":3}},{"id":"2","type":"paragraph","data":{"text":"다음 분기의 팀 목표를 설정합니다."}},{"id":"3","type":"list","data":{"style":"unordered","items":["목표 1: 연간 매출 15% 증가","목표 2: 고객 만족도 90% 달성"]}},{"id":"4","type":"paragraph","data":{"text":"목표 달성을 위한 계획은 다음과 같습니다."}},{"id":"5","type":"list","data":{"style":"unordered","items":["매출 목표: 마케팅 전략 강화","고객 만족도: 서비스 품질 개선"]}}],"version":"2.30.5"}', '192.168.0.20', 'general', '팀 목표 설정', 'DEPARTMENT'),
  (DATE_SUB(NOW(), INTERVAL 400 MINUTE), 1, 1, NULL, '{"time":1724201390946,"blocks":[{"id":"1","type":"header","data":{"text":"업무 진행 상황","level":3}},{"id":"2","type":"paragraph","data":{"text":"업무 진행 상황을 보고드립니다."}},{"id":"3","type":"list","data":{"style":"unordered","items":["업무 1: 신규 고객 관리 시스템 구축 - 진행률 75%","업무 2: 연간 매출 보고서 작성 - 완료"]}},{"id":"4","type":"paragraph","data":{"text":"남은 작업은 다음과 같습니다."}},{"id":"5","type":"list","data":{"style":"unordered","items":["고객 관리 시스템: 25% 추가 작업 필요"]}}],"version":"2.30.5"}', '192.168.0.21', 'announcement', '업무 진행 상황', 'DEPARTMENT'),
  (DATE_SUB(NOW(), INTERVAL 390 MINUTE), 1, 2, NULL, '{"time":1724201390946,"blocks":[{"id":"1","type":"header","data":{"text":"정책 변경 안내","level":3}},{"id":"2","type":"paragraph","data":{"text":"정책 변경 사항을 안내드립니다."}},{"id":"3","type":"list","data":{"style":"unordered","items":["변경 사항 1: 연차 사용 규정 수정","변경 사항 2: 출근 시간 조정"]}},{"id":"4","type":"paragraph","data":{"text":"변경된 정책에 대한 세부 사항은 인사팀에 문의해 주시기 바랍니다."}}],"version":"2.30.5"}', '192.168.0.22', 'mandatory', '정책 변경 안내', 'DEPARTMENT'),
  (DATE_SUB(NOW(), INTERVAL 380 MINUTE), 1, 3, NULL, '{"time":1724201390946,"blocks":[{"id":"1","type":"header","data":{"text":"팀 성과 리뷰","level":3}},{"id":"2","type":"paragraph","data":{"text":"팀 성과를 리뷰합니다."}},{"id":"3","type":"list","data":{"style":"unordered","items":["성과 1: 매출 10% 증가","성과 2: 고객 만족도 89%"]}},{"id":"4","type":"paragraph","data":{"text":"리뷰 결과는 다음과 같습니다."}},{"id":"5","type":"list","data":{"style":"unordered","items":["매출 증가: 목표 미달","고객 만족도: 향상 필요"]}}],"version":"2.30.5"}', '192.168.0.23', 'general', '팀 성과 리뷰', 'DEPARTMENT'),
  (DATE_SUB(NOW(), INTERVAL 370 MINUTE), 1, 4, NULL, '{"time":1724201390946,"blocks":[{"id":"1","type":"header","data":{"text":"서비스 개선 계획","level":3}},{"id":"2","type":"paragraph","data":{"text":"서비스 개선을 위한 계획을 수립하였습니다."}},{"id":"3","type":"list","data":{"style":"unordered","items":["계획 1: 고객 피드백 반영","계획 2: 직원 교육 강화"]}},{"id":"4","type":"paragraph","data":{"text":"계획에 대한 세부 사항은 다음과 같습니다."}},{"id":"5","type":"list","data":{"style":"unordered","items":["피드백 반영: 서비스 개선 계획 수립","직원 교육: 교육 프로그램 개발"]}}],"version":"2.30.5"}', '192.168.0.24', 'suggestion', '서비스 개선 계획', 'DEPARTMENT'),
  (DATE_SUB(NOW(), INTERVAL 360 MINUTE), 1, 5, NULL, '{"time":1724201390946,"blocks":[{"id":"1","type":"header","data":{"text":"업무 프로세스 점검","level":3}},{"id":"2","type":"paragraph","data":{"text":"업무 프로세스를 점검한 결과를 보고드립니다."}},{"id":"3","type":"list","data":{"style":"unordered","items":["점검 사항 1: 업무 흐름 최적화","점검 사항 2: 업무 지침 재정비"]}},{"id":"4","type":"paragraph","data":{"text":"점검 결과는 다음과 같습니다."}},{"id":"5","type":"list","data":{"style":"unordered","items":["업무 흐름: 최적화 완료","업무 지침: 재정비 필요"]}}],"version":"2.30.5"}', '192.168.0.25', 'announcement', '업무 프로세스 점검', 'DEPARTMENT'),
  (DATE_SUB(NOW(), INTERVAL 350 MINUTE), 1, 6, NULL, '{"time":1724201390946,"blocks":[{"id":"1","type":"header","data":{"text":"팀 목표 검토","level":3}},{"id":"2","type":"paragraph","data":{"text":"팀 목표를 검토한 결과를 보고드립니다."}},{"id":"3","type":"list","data":{"style":"unordered","items":["검토 사항 1: 매출 목표 달성 여부","검토 사항 2: 고객 만족도 분석"]}},{"id":"4","type":"paragraph","data":{"text":"검토 결과는 다음과 같습니다."}},{"id":"5","type":"list","data":{"style":"unordered","items":["매출 목표: 목표 미달","고객 만족도: 개선 필요"]}}],"version":"2.30.5"}', '192.168.0.26', 'error', '팀 목표 검토', 'DEPARTMENT'),
  (DATE_SUB(NOW(), INTERVAL 340 MINUTE), 1, 7, NULL, '{"time":1724201390946,"blocks":[{"id":"1","type":"header","data":{"text":"정기 검토 결과","level":3}},{"id":"2","type":"paragraph","data":{"text":"정기 검토 결과를 보고드립니다."}},{"id":"3","type":"list","data":{"style":"unordered","items":["검토 결과 1: 업무 효율성 증가","검토 결과 2: 고객 만족도 향상"]}},{"id":"4","type":"paragraph","data":{"text":"결과에 대한 세부 사항은 다음과 같습니다."}},{"id":"5","type":"list","data":{"style":"unordered","items":["업무 효율성: 향상됨","고객 만족도: 향상됨"]}}],"version":"2.30.5"}', '192.168.0.27', 'general', '정기 검토 결과', 'DEPARTMENT'),
  (DATE_SUB(NOW(), INTERVAL 330 MINUTE), 1, 8, NULL, '{"time":1724201390946,"blocks":[{"id":"1","type":"header","data":{"text":"부서 KPI 분석","level":3}},{"id":"2","type":"paragraph","data":{"text":"부서 KPI 분석 결과를 보고드립니다."}},{"id":"3","type":"list","data":{"style":"unordered","items":["KPI 1: 매출 성장률","KPI 2: 고객 만족도"]}},{"id":"4","type":"paragraph","data":{"text":"분석 결과는 다음과 같습니다."}},{"id":"5","type":"list","data":{"style":"unordered","items":["매출 성장률: 목표 달성","고객 만족도: 목표 미달"]}}],"version":"2.30.5"}', '192.168.0.28', 'general', '부서 KPI 분석', 'DEPARTMENT'),
  (DATE_SUB(NOW(), INTERVAL 320 MINUTE), 1, 9, NULL, '{"time":1724201390946,"blocks":[{"id":"1","type":"header","data":{"text":"서비스 개선 계획","level":3}},{"id":"2","type":"paragraph","data":{"text":"서비스 개선 계획을 수립하였습니다."}},{"id":"3","type":"list","data":{"style":"unordered","items":["계획 1: 사용자 경험 향상","계획 2: 기술 지원 강화"]}},{"id":"4","type":"paragraph","data":{"text":"계획에 대한 세부 사항은 다음과 같습니다."}},{"id":"5","type":"list","data":{"style":"unordered","items":["경험 향상: 사용자 인터페이스 개선","기술 지원: 지원 팀 교육 강화"]}}],"version":"2.30.5"}', '192.168.0.29', 'suggestion', '서비스 개선 계획', 'DEPARTMENT'),
  (DATE_SUB(NOW(), INTERVAL 310 MINUTE), 1, 10, NULL, '{"time":1724201390946,"blocks":[{"id":"1","type":"header","data":{"text":"부서 성과 리뷰","level":3}},{"id":"2","type":"paragraph","data":{"text":"부서 성과를 리뷰합니다."}},{"id":"3","type":"list","data":{"style":"unordered","items":["성과 1: 매출 목표 90% 달성","성과 2: 고객 만족도 85%"]}},{"id":"4","type":"paragraph","data":{"text":"리뷰 결과는 다음과 같습니다."}},{"id":"5","type":"list","data":{"style":"unordered","items":["매출 목표: 목표 미달","고객 만족도: 유지"]}}],"version":"2.30.5"}', '192.168.0.30', 'general', '부서 성과 리뷰', 'DEPARTMENT'),
  (DATE_SUB(NOW(), INTERVAL 300 MINUTE), 1, 1, NULL, '{"time":1724201390946,"blocks":[{"id":"1","type":"header","data":{"text":"정기 회의","level":3}},{"id":"2","type":"paragraph","data":{"text":"정기 회의 일정을 안내드립니다."}},{"id":"3","type":"list","data":{"style":"unordered","items":["회의 1: 다음 주 월요일 오전 10시","회의 2: 프로젝트 진행 상황 리뷰"]}}],"version":"2.30.5"}', '192.168.0.31', 'announcement', '정기 회의', 'DEPARTMENT'),
  (DATE_SUB(NOW(), INTERVAL 290 MINUTE), 1, 2, NULL, '{"time":1724201390946,"blocks":[{"id":"1","type":"header","data":{"text":"서비스 개선 현황","level":3}},{"id":"2","type":"paragraph","data":{"text":"서비스 개선 현황을 보고드립니다."}},{"id":"3","type":"list","data":{"style":"unordered","items":["현황 1: 고객 피드백 반영 완료","현황 2: 기술 지원 강화 진행 중"]}},{"id":"4","type":"paragraph","data":{"text":"현황에 대한 세부 사항은 다음과 같습니다."}},{"id":"5","type":"list","data":{"style":"unordered","items":["피드백 반영: 완료","기술 지원: 진행 중"]}}],"version":"2.30.5"}', '192.168.0.32', 'announcement', '서비스 개선 현황', 'DEPARTMENT'),
  (DATE_SUB(NOW(), INTERVAL 280 MINUTE), 1, 3, NULL, '{"time":1724201390946,"blocks":[{"id":"1","type":"header","data":{"text":"팀 목표 검토","level":3}},{"id":"2","type":"paragraph","data":{"text":"팀 목표 검토 결과를 보고드립니다."}},{"id":"3","type":"list","data":{"style":"unordered","items":["검토 사항 1: 매출 목표 분석","검토 사항 2: 고객 만족도 분석"]}},{"id":"4","type":"paragraph","data":{"text":"검토 결과는 다음과 같습니다."}},{"id":"5","type":"list","data":{"style":"unordered","items":["매출 목표: 목표 달성","고객 만족도: 향상 필요"]}}],"version":"2.30.5"}', '192.168.0.33', 'general', '팀 목표 검토', 'DEPARTMENT'),
  (DATE_SUB(NOW(), INTERVAL 270 MINUTE), 1, 4, NULL, '{"time":1724201390946,"blocks":[{"id":"1","type":"header","data":{"text":"업무 프로세스 개선","level":3}},{"id":"2","type":"paragraph","data":{"text":"업무 프로세스 개선을 위한 계획을 수립하였습니다."}},{"id":"3","type":"list","data":{"style":"unordered","items":["계획 1: 업무 흐름 최적화","계획 2: 업무 지침 재정비"]}},{"id":"4","type":"paragraph","data":{"text":"계획에 대한 세부 사항은 다음과 같습니다."}},{"id":"5","type":"list","data":{"style":"unordered","items":["업무 흐름: 최적화 계획 수립","업무 지침: 재정비 중"]}}],"version":"2.30.5"}', '192.168.0.34', 'suggestion', '업무 프로세스 개선', 'DEPARTMENT'),
  (DATE_SUB(NOW(), INTERVAL 260 MINUTE), 1, 5, NULL, '{"time":1724201390946,"blocks":[{"id":"1","type":"header","data":{"text":"팀 목표 설정","level":3}},{"id":"2","type":"paragraph","data":{"text":"다음 분기의 팀 목표를 설정합니다."}},{"id":"3","type":"list","data":{"style":"unordered","items":["목표 1: 매출 목표 달성","목표 2: 고객 만족도 90% 달성"]}},{"id":"4","type":"paragraph","data":{"text":"목표 달성을 위한 계획은 다음과 같습니다."}},{"id":"5","type":"list","data":{"style":"unordered","items":["매출 목표: 마케팅 전략 강화","고객 만족도: 서비스 품질 개선"]}}],"version":"2.30.5"}', '192.168.0.35', 'general', '팀 목표 설정', 'DEPARTMENT'),
  (DATE_SUB(NOW(), INTERVAL 250 MINUTE), 1, 6, NULL, '{"time":1724201390946,"blocks":[{"id":"1","type":"header","data":{"text":"정책 검토","level":3}},{"id":"2","type":"paragraph","data":{"text":"정책 검토 결과를 보고드립니다."}},{"id":"3","type":"list","data":{"style":"unordered","items":["정책 1: 직원 복지 개선","정책 2: 업무 절차 간소화"]}},{"id":"4","type":"paragraph","data":{"text":"검토 결과는 다음과 같습니다."}},{"id":"5","type":"list","data":{"style":"unordered","items":["복지 개선: 긍정적인 변화 관찰","절차 간소화: 진행 중"]}}],"version":"2.30.5"}', '192.168.0.36', 'general', '정책 검토', 'DEPARTMENT'),
  (DATE_SUB(NOW(), INTERVAL 240 MINUTE), 1, 7, NULL, '{"time":1724201390946,"blocks":[{"id":"1","type":"header","data":{"text":"부서 성과 분석","level":3}},{"id":"2","type":"paragraph","data":{"text":"부서 성과를 분석한 결과를 보고드립니다."}},{"id":"3","type":"list","data":{"style":"unordered","items":["성과 1: 매출 성장률 8%","성과 2: 고객 만족도 85%"]}},{"id":"4","type":"paragraph","data":{"text":"분석 결과는 다음과 같습니다."}},{"id":"5","type":"list","data":{"style":"unordered","items":["매출 성장률: 목표 미달","고객 만족도: 개선 필요"]}}],"version":"2.30.5"}', '192.168.0.37', 'general', '부서 성과 분석', 'DEPARTMENT'),
  (DATE_SUB(NOW(), INTERVAL 230 MINUTE), 1, 8, NULL, '{"time":1724201390946,"blocks":[{"id":"1","type":"header","data":{"text":"서비스 개선 제안","level":3}},{"id":"2","type":"paragraph","data":{"text":"서비스 개선 제안을 드립니다."}},{"id":"3","type":"list","data":{"style":"unordered","items":["제안 1: 고객 피드백 수집 및 분석","제안 2: 서비스 개선 팀 구성"]}},{"id":"4","type":"paragraph","data":{"text":"제안에 대한 검토 결과는 다음과 같습니다."}},{"id":"5","type":"list","data":{"style":"unordered","items":["피드백 수집: 진행 중","서비스 개선 팀: 구성 완료"]}}],"version":"2.30.5"}', '192.168.0.38', 'suggestion', '서비스 개선 제안', 'DEPARTMENT'),
  (DATE_SUB(NOW(), INTERVAL 220 MINUTE), 1, 9, NULL, '{"time":1724201390946,"blocks":[{"id":"1","type":"header","data":{"text":"팀 목표 설정","level":3}},{"id":"2","type":"paragraph","data":{"text":"팀 목표를 설정합니다."}},{"id":"3","type":"list","data":{"style":"unordered","items":["목표 1: 매출 목표 100% 달성","목표 2: 고객 만족도 95% 달성"]}},{"id":"4","type":"paragraph","data":{"text":"목표 달성을 위한 계획은 다음과 같습니다."}},{"id":"5","type":"list","data":{"style":"unordered","items":["매출 목표: 신제품 출시","고객 만족도: 고객 지원 강화"]}}],"version":"2.30.5"}', '192.168.0.39', 'general', '팀 목표 설정', 'DEPARTMENT'),
  (DATE_SUB(NOW(), INTERVAL 210 MINUTE), 1, 10, NULL, '{"time":1724201390946,"blocks":[{"id":"1","type":"header","data":{"text":"정기 검토 결과","level":3}},{"id":"2","type":"paragraph","data":{"text":"정기 검토 결과를 보고드립니다."}},{"id":"3","type":"list","data":{"style":"unordered","items":["검토 결과 1: 업무 프로세스 개선","검토 결과 2: 고객 만족도 향상"]}},{"id":"4","type":"paragraph","data":{"text":"결과에 대한 세부 사항은 다음과 같습니다."}},{"id":"5","type":"list","data":{"style":"unordered","items":["업무 프로세스 개선: 완료","고객 만족도: 향상됨"]}}],"version":"2.30.5"}', '192.168.0.40', 'general', '정기 검토 결과', 'DEPARTMENT'),
  (DATE_SUB(NOW(), INTERVAL 200 MINUTE), 1, 1, NULL, '{"time":1724201390946,"blocks":[{"id":"1","type":"header","data":{"text":"업무 진행 상황","level":3}},{"id":"2","type":"paragraph","data":{"text":"업무 진행 상황을 보고드립니다."}},{"id":"3","type":"list","data":{"style":"unordered","items":["업무 1: 신규 시스템 구축 - 진행률 80%","업무 2: 기존 시스템 유지보수 - 완료"]}},{"id":"4","type":"paragraph","data":{"text":"남은 작업은 다음과 같습니다."}},{"id":"5","type":"list","data":{"style":"unordered","items":["시스템 구축: 20% 추가 작업 필요"]}}],"version":"2.30.5"}', '192.168.0.41', 'announcement', '업무 진행 상황', 'DEPARTMENT'),
  (DATE_SUB(NOW(), INTERVAL 190 MINUTE), 1, 2, NULL, '{"time":1724201390946,"blocks":[{"id":"1","type":"header","data":{"text":"부서 KPI 검토","level":3}},{"id":"2","type":"paragraph","data":{"text":"부서 KPI를 검토한 결과를 보고드립니다."}},{"id":"3","type":"list","data":{"style":"unordered","items":["KPI 1: 매출 성장률 7%","KPI 2: 고객 만족도 80%"]}},{"id":"4","type":"paragraph","data":{"text":"검토 결과는 다음과 같습니다."}},{"id":"5","type":"list","data":{"style":"unordered","items":["매출 성장률: 목표 미달","고객 만족도: 향상 필요"]}}],"version":"2.30.5"}', '192.168.0.42', 'general', '부서 KPI 검토', 'DEPARTMENT'),
  (DATE_SUB(NOW(), INTERVAL 180 MINUTE), 1, 3, NULL, '{"time":1724201390946,"blocks":[{"id":"1","type":"header","data":{"text":"업무 프로세스 점검","level":3}},{"id":"2","type":"paragraph","data":{"text":"업무 프로세스 점검 결과를 보고드립니다."}},{"id":"3","type":"list","data":{"style":"unordered","items":["점검 사항 1: 업무 흐름 분석","점검 사항 2: 업무 지침 검토"]}},{"id":"4","type":"paragraph","data":{"text":"점검 결과는 다음과 같습니다."}},{"id":"5","type":"list","data":{"style":"unordered","items":["업무 흐름: 분석 완료","업무 지침: 검토 중"]}}],"version":"2.30.5"}', '192.168.0.43', 'announcement', '업무 프로세스 점검', 'DEPARTMENT'),
  (DATE_SUB(NOW(), INTERVAL 170 MINUTE), 1, 4, NULL, '{"time":1724201390946,"blocks":[{"id":"1","type":"header","data":{"text":"서비스 개선 제안","level":3}},{"id":"2","type":"paragraph","data":{"text":"서비스 개선 제안을 드립니다."}},{"id":"3","type":"list","data":{"style":"unordered","items":["제안 1: 서비스 제공 방식 개선","제안 2: 고객 피드백 적극 반영"]}},{"id":"4","type":"paragraph","data":{"text":"제안에 대한 검토 결과는 다음과 같습니다."}},{"id":"5","type":"list","data":{"style":"unordered","items":["서비스 제공 방식: 개선 중","피드백 반영: 진행 중"]}}],"version":"2.30.5"}', '192.168.0.44', 'suggestion', '서비스 개선 제안', 'DEPARTMENT'),
  (DATE_SUB(NOW(), INTERVAL 160 MINUTE), 1, 5, NULL, '{"time":1724201390946,"blocks":[{"id":"1","type":"header","data":{"text":"부서 성과 리뷰","level":3}},{"id":"2","type":"paragraph","data":{"text":"부서 성과를 리뷰합니다."}},{"id":"3","type":"list","data":{"style":"unordered","items":["성과 1: 매출 목표 85% 달성","성과 2: 고객 만족도 82%"]}},{"id":"4","type":"paragraph","data":{"text":"리뷰 결과는 다음과 같습니다."}},{"id":"5","type":"list","data":{"style":"unordered","items":["매출 목표: 목표 미달","고객 만족도: 개선 필요"]}}],"version":"2.30.5"}', '192.168.0.45', 'general', '부서 성과 리뷰', 'DEPARTMENT'),
  (DATE_SUB(NOW(), INTERVAL 150 MINUTE), 1, 6, NULL, '{"time":1724201390946,"blocks":[{"id":"1","type":"header","data":{"text":"정책 변경 안내","level":3}},{"id":"2","type":"paragraph","data":{"text":"정책 변경 사항을 안내드립니다."}},{"id":"3","type":"list","data":{"style":"unordered","items":["변경 사항 1: 복리후생 개선","변경 사항 2: 근무 시간 조정"]}},{"id":"4","type":"paragraph","data":{"text":"변경된 정책에 대한 세부 사항은 인사팀에 문의해 주시기 바랍니다."}}],"version":"2.30.5"}', '192.168.0.46', 'mandatory', '정책 변경 안내', 'DEPARTMENT'),
  (DATE_SUB(NOW(), INTERVAL 140 MINUTE), 1, 7, NULL, '{"time":1724201390946,"blocks":[{"id":"1","type":"header","data":{"text":"부서 KPI 분석","level":3}},{"id":"2","type":"paragraph","data":{"text":"부서 KPI를 분석한 결과를 보고드립니다."}},{"id":"3","type":"list","data":{"style":"unordered","items":["KPI 1: 매출 성장률 9%","KPI 2: 고객 만족도 83%"]}},{"id":"4","type":"paragraph","data":{"text":"분석 결과는 다음과 같습니다."}},{"id":"5","type":"list","data":{"style":"unordered","items":["매출 성장률: 목표 미달","고객 만족도: 향상 필요"]}}],"version":"2.30.5"}', '192.168.0.47', 'general', '부서 KPI 분석', 'DEPARTMENT'),
  (DATE_SUB(NOW(), INTERVAL 130 MINUTE), 1, 8, NULL, '{"time":1724201390946,"blocks":[{"id":"1","type":"header","data":{"text":"팀 목표 검토","level":3}},{"id":"2","type":"paragraph","data":{"text":"팀 목표를 검토한 결과를 보고드립니다."}},{"id":"3","type":"list","data":{"style":"unordered","items":["검토 사항 1: 매출 목표 달성 여부","검토 사항 2: 고객 만족도 분석"]}},{"id":"4","type":"paragraph","data":{"text":"검토 결과는 다음과 같습니다."}},{"id":"5","type":"list","data":{"style":"unordered","items":["매출 목표: 목표 달성","고객 만족도: 향상 필요"]}}],"version":"2.30.5"}', '192.168.0.48', 'general', '팀 목표 검토', 'DEPARTMENT'),
  (DATE_SUB(NOW(), INTERVAL 120 MINUTE), 1, 9, NULL, '{"time":1724201390946,"blocks":[{"id":"1","type":"header","data":{"text":"업무 진행 상황","level":3}},{"id":"2","type":"paragraph","data":{"text":"업무 진행 상황을 보고드립니다."}},{"id":"3","type":"list","data":{"style":"unordered","items":["업무 1: 신규 시스템 개발 - 진행률 60%","업무 2: 기존 시스템 유지보수 - 완료"]}},{"id":"4","type":"paragraph","data":{"text":"남은 작업은 다음과 같습니다."}},{"id":"5","type":"list","data":{"style":"unordered","items":["신규 시스템 개발: 40% 추가 작업 필요"]}}],"version":"2.30.5"}', '192.168.0.49', 'announcement', '업무 진행 상황', 'DEPARTMENT'),
  (DATE_SUB(NOW(), INTERVAL 110 MINUTE), 1, 10, NULL, '{"time":1724201390946,"blocks":[{"id":"1","type":"header","data":{"text":"정기 검토 결과","level":3}},{"id":"2","type":"paragraph","data":{"text":"정기 검토 결과를 보고드립니다."}},{"id":"3","type":"list","data":{"style":"unordered","items":["검토 결과 1: 서비스 품질 개선","검토 결과 2: 고객 피드백 반영"]}},{"id":"4","type":"paragraph","data":{"text":"결과에 대한 세부 사항은 다음과 같습니다."}},{"id":"5","type":"list","data":{"style":"unordered","items":["서비스 품질: 개선됨","피드백 반영: 진행 중"]}}],"version":"2.30.5"}', '192.168.0.50', 'general', '정기 검토 결과', 'DEPARTMENT'),
  (DATE_SUB(NOW(), INTERVAL 100 MINUTE), 1, 1, NULL, '{"time":1724201390946,"blocks":[{"id":"1","type":"header","data":{"text":"팀 목표 설정","level":3}},{"id":"2","type":"paragraph","data":{"text":"다음 분기의 팀 목표를 설정합니다."}},{"id":"3","type":"list","data":{"style":"unordered","items":["목표 1: 매출 목표 90% 달성","목표 2: 고객 만족도 88% 달성"]}},{"id":"4","type":"paragraph","data":{"text":"목표 달성을 위한 계획은 다음과 같습니다."}},{"id":"5","type":"list","data":{"style":"unordered","items":["매출 목표: 판매 촉진 활동","고객 만족도: 고객 서비스 개선"]}}],"version":"2.30.5"}', '192.168.0.51', 'general', '팀 목표 설정', 'DEPARTMENT'),
  (DATE_SUB(NOW(), INTERVAL 90 MINUTE), 1, 2, NULL, '{"time":1724201390946,"blocks":[{"id":"1","type":"header","data":{"text":"서비스 개선 제안","level":3}},{"id":"2","type":"paragraph","data":{"text":"서비스 개선 제안을 드립니다."}},{"id":"3","type":"list","data":{"style":"unordered","items":["제안 1: 서비스 제공 방식 개선","제안 2: 고객 피드백 적극 반영"]}},{"id":"4","type":"paragraph","data":{"text":"제안에 대한 검토 결과는 다음과 같습니다."}},{"id":"5","type":"list","data":{"style":"unordered","items":["서비스 제공 방식: 개선 중","피드백 반영: 진행 중"]}}],"version":"2.30.5"}', '192.168.0.52', 'suggestion', '서비스 개선 제안', 'DEPARTMENT'),
  (DATE_SUB(NOW(), INTERVAL 80 MINUTE), 1, 3, NULL, '{"time":1724201390946,"blocks":[{"id":"1","type":"header","data":{"text":"부서 KPI 검토","level":3}},{"id":"2","type":"paragraph","data":{"text":"부서 KPI를 검토한 결과를 보고드립니다."}},{"id":"3","data":{"style":"unordered","items":["KPI 1: 매출 성장률 6%","KPI 2: 고객 만족도 78%"]}},{"id":"4","type":"paragraph","data":{"text":"검토 결과는 다음과 같습니다."}},{"id":"5","type":"list","data":{"style":"unordered","items":["매출 성장률: 목표 미달","고객 만족도: 향상 필요"]}}],"version":"2.30.5"}', '192.168.0.53', 'general', '부서 KPI 검토', 'DEPARTMENT'),
  (DATE_SUB(NOW(), INTERVAL 70 MINUTE), 1, 4, NULL, '{"time":1724201390946,"blocks":[{"id":"1","type":"header","data":{"text":"업무 진행 상황","level":3}},{"id":"2","type":"paragraph","data":{"text":"업무 진행 상황을 보고드립니다."}},{"id":"3","type":"list","data":{"style":"unordered","items":["업무 1: 신규 시스템 개발 - 진행률 50%","업무 2: 기존 시스템 유지보수 - 완료"]}},{"id":"4","type":"paragraph","data":{"text":"남은 작업은 다음과 같습니다."}},{"id":"5","type":"list","data":{"style":"unordered","items":["신규 시스템 개발: 50% 추가 작업 필요"]}}],"version":"2.30.5"}', '192.168.0.54', 'announcement', '업무 진행 상황', 'DEPARTMENT'),
  (DATE_SUB(NOW(), INTERVAL 60 MINUTE), 1, 5, NULL, '{"time":1724201390946,"blocks":[{"id":"1","type":"header","data":{"text":"팀 목표 검토","level":3}},{"id":"2","type":"paragraph","data":{"text":"팀 목표를 검토한 결과를 보고드립니다."}},{"id":"3","type":"list","data":{"style":"unordered","items":["검토 사항 1: 매출 목표 분석","검토 사항 2: 고객 만족도 분석"]}},{"id":"4","type":"paragraph","data":{"text":"검토 결과는 다음과 같습니다."}},{"id":"5","type":"list","data":{"style":"unordered","items":["매출 목표: 목표 달성","고객 만족도: 향상 필요"]}}],"version":"2.30.5"}', '192.168.0.55', 'general', '팀 목표 검토', 'DEPARTMENT'),
  (DATE_SUB(NOW(), INTERVAL 50 MINUTE), 1, 6, NULL, '{"time":1724201390946,"blocks":[{"id":"1","type":"header","data":{"text":"정기 검토 결과","level":3}},{"id":"2","type":"paragraph","data":{"text":"정기 검토 결과를 보고드립니다."}},{"id":"3","type":"list","data":{"style":"unordered","items":["검토 결과 1: 서비스 품질 향상","검토 결과 2: 고객 피드백 반영"]}},{"id":"4","type":"paragraph","data":{"text":"결과에 대한 세부 사항은 다음과 같습니다."}},{"id":"5","type":"list","data":{"style":"unordered","items":["서비스 품질: 향상됨","피드백 반영: 진행 중"]}}],"version":"2.30.5"}', '192.168.0.56', 'general', '정기 검토 결과', 'DEPARTMENT'),
  (DATE_SUB(NOW(), INTERVAL 40 MINUTE), 1, 7, NULL, '{"time":1724201390946,"blocks":[{"id":"1","type":"header","data":{"text":"부서 성과 리뷰","level":3}},{"id":"2","type":"paragraph","data":{"text":"부서 성과를 리뷰합니다."}},{"id":"3","type":"list","data":{"style":"unordered","items":["성과 1: 매출 목표 95% 달성","성과 2: 고객 만족도 87%"]}},{"id":"4","type":"paragraph","data":{"text":"리뷰 결과는 다음과 같습니다."}},{"id":"5","type":"list","data":{"style":"unordered","items":["매출 목표: 목표 미달","고객 만족도: 유지"]}}],"version":"2.30.5"}', '192.168.0.57', 'general', '부서 성과 리뷰', 'DEPARTMENT'),
  (DATE_SUB(NOW(), INTERVAL 30 MINUTE), 1, 8, NULL, '{"time":1724201390946,"blocks":[{"id":"1","type":"header","data":{"text":"팀 목표 설정","level":3}},{"id":"2","type":"paragraph","data":{"text":"다음 분기의 팀 목표를 설정합니다."}},{"id":"3","type":"list","data":{"style":"unordered","items":["목표 1: 매출 목표 100% 달성","목표 2: 고객 만족도 90% 달성"]}},{"id":"4","type":"paragraph","data":{"text":"목표 달성을 위한 계획은 다음과 같습니다."}},{"id":"5","type":"list","data":{"style":"unordered","items":["매출 목표: 마케팅 강화","고객 만족도: 서비스 개선"]}}],"version":"2.30.5"}', '192.168.0.58', 'general', '팀 목표 설정', 'DEPARTMENT');


INSERT INTO board (create_date, department_id, employee_id, update_date, content, ip_address, subject, title, board_type) VALUES
    (DATE_SUB(NOW(), INTERVAL 600 MINUTE), null, 9, NULL, '{"time":1724201390946,"blocks":[{"id":"1","type":"header","data":{"text":"사내 워크숍 공지","level":3}},{"id":"2","type":"paragraph","data":{"text":"다음 주 금요일, 사내 워크숍이 진행됩니다. 모든 직원은 참석해주시기 바랍니다."}},{"id":"3","type":"list","data":{"style":"unordered","items":["일시: 2024년 8월 30일 오전 10시","장소: 본사 3층 회의실","준비물: 필기구"]}}],"version":"2.30.5"}', '192.168.0.1', 'announcement', '사내 워크숍 안내', 'NOTICE'),
    (DATE_SUB(NOW(), INTERVAL 550 MINUTE), null, 8, NULL, '{"time":1724201390947,"blocks":[{"id":"1","type":"header","data":{"text":"부서 점심 모임","level":3}},{"id":"2","type":"paragraph","data":{"text":"이번 주 목요일, 12시에 부서 점심 모임이 있습니다. 참석 여부를 알려주시기 바랍니다."}},{"id":"3","type":"list","data":{"style":"unordered","items":["일시: 2024년 8월 23일 오후 12시","장소: 사내 카페테리아","특이사항: 알레르기 정보 제공"]}}],"version":"2.30.5"}', '192.168.0.2', 'announcement', '부서 점심 모임 공지', 'NOTICE'),
    (DATE_SUB(NOW(), INTERVAL 500 MINUTE), null, 7, NULL, '{"time":1724201390948,"blocks":[{"id":"1","type":"header","data":{"text":"연말 파티 일정","level":3}},{"id":"2","type":"paragraph","data":{"text":"연말 파티가 12월 20일 저녁 7시에 진행됩니다. 연말 분위기를 만끽할 수 있는 자리가 될 것입니다."}},{"id":"3","type":"list","data":{"style":"unordered","items":["일시: 2024년 12월 20일 오후 7시","장소: 본사 1층 대연회장","복장: 정장"]}}],"version":"2.30.5"}', '192.168.0.3', 'announcement', '연말 파티 일정 공지', 'NOTICE'),
    (DATE_SUB(NOW(), INTERVAL 450 MINUTE), null, 6, NULL, '{"time":1724201390949,"blocks":[{"id":"1","type":"header","data":{"text":"업무 시스템 점검 안내","level":3}},{"id":"2","type":"paragraph","data":{"text":"시스템 점검이 8월 25일 일요일 진행됩니다. 점검 시간 동안 시스템 사용이 제한됩니다."}},{"id":"3","type":"list","data":{"style":"unordered","items":["점검일시: 2024년 8월 25일 오전 2시 - 오전 6시","영향: 전사 시스템 사용 불가","대책: 업무 중인 경우 미리 작업 저장"]}}],"version":"2.30.5"}', '192.168.0.4', 'announcement', '업무 시스템 점검 안내', 'NOTICE'),
    (DATE_SUB(NOW(), INTERVAL 400 MINUTE), null, 5, NULL, '{"time":1724201390950,"blocks":[{"id":"1","type":"header","data":{"text":"신규 복지 정책 안내","level":3}},{"id":"2","type":"paragraph","data":{"text":"새로운 복지 정책이 도입됩니다. 자세한 내용은 첨부된 문서를 참조해 주세요."}},{"id":"3","type":"list","data":{"style":"unordered","items":["정책 내용: 건강 검진 지원, 체력 단련비 지원","적용일: 2024년 9월 1일","문의: 인사팀"]}}],"version":"2.30.5"}', '192.168.0.5', 'announcement', '신규 복지 정책 안내', 'NOTICE'),
    (DATE_SUB(NOW(), INTERVAL 350 MINUTE), null, 4, NULL, '{"time":1724201390951,"blocks":[{"id":"1","type":"header","data":{"text":"사내 장비 교체 공지","level":3}},{"id":"2","type":"paragraph","data":{"text":"오는 9월 1일부터 사내 장비 교체 작업이 진행됩니다. 업무에 참고해 주세요."}},{"id":"3","type":"list","data":{"style":"unordered","items":["교체 대상: 노트북, 데스크탑","교체 일정: 2024년 9월 1일 - 9월 5일","영향: 일부 부서의 장비 사용 제한"]}}],"version":"2.30.5"}', '192.168.0.6', 'announcement', '사내 장비 교체 공지', 'NOTICE'),
    (DATE_SUB(NOW(), INTERVAL 300 MINUTE), null, 3, NULL, '{"time":1724201390952,"blocks":[{"id":"1","type":"header","data":{"text":"건강 세미나 안내","level":3}},{"id":"2","type":"paragraph","data":{"text":"건강 세미나가 9월 10일에 진행됩니다. 건강 관리에 대한 유익한 정보를 제공할 예정입니다."}},{"id":"3","type":"list","data":{"style":"unordered","items":["일시: 2024년 9월 10일 오후 2시","장소: 본사 2층 세미나실","강사: 건강 전문가 김철수"]}}],"version":"2.30.5"}', '192.168.0.7', 'announcement', '건강 세미나 안내', 'NOTICE'),
    (DATE_SUB(NOW(), INTERVAL 250 MINUTE), null, 3, NULL, '{"time":1724201390953,"blocks":[{"id":"1","type":"header","data":{"text":"사내 헬스장 오픈","level":3}},{"id":"2","type":"paragraph","data":{"text":"사내 헬스장이 9월 15일에 오픈합니다. 많은 이용 바랍니다."}},{"id":"3","type":"list","data":{"style":"unordered","items":["일시: 2024년 9월 15일","장소: 본사 4층","운영시간: 월~금, 오전 8시~오후 8시"]}}],"version":"2.30.5"}', '192.168.0.8', 'announcement', '사내 헬스장 오픈 안내', 'NOTICE'),
    (DATE_SUB(NOW(), INTERVAL 200 MINUTE), null, 3, NULL, '{"time":1724201390954,"blocks":[{"id":"1","type":"header","data":{"text":"사내 서류 정리 일정","level":3}},{"id":"2","type":"paragraph","data":{"text":"사내 서류 정리 작업이 8월 28일에 진행됩니다. 서류 정리에 협조 부탁드립니다."}},{"id":"3","type":"list","data":{"style":"unordered","items":["일시: 2024년 8월 28일","장소: 각 부서 회의실","영향: 서류 접근 일시 제한"]}}],"version":"2.30.5"}', '192.168.0.9', 'announcement', '사내 서류 정리 일정', 'NOTICE'),
    (DATE_SUB(NOW(), INTERVAL 150 MINUTE), null, 3, NULL, '{"time":1724201390955,"blocks":[{"id":"1","type":"header","data":{"text":"팀 빌딩 활동 안내","level":3}},{"id":"2","type":"paragraph","data":{"text":"다음 주 월요일 팀 빌딩 활동이 진행됩니다. 참여를 통해 팀워크를 다져보세요."}},{"id":"3","type":"list","data":{"style":"unordered","items":["일시: 2024년 8월 26일 오후 3시","장소: 사내 운동장","활동: 팀 대항 게임"]}}],"version":"2.30.5"}', '192.168.0.10', 'announcement', '팀 빌딩 활동 안내', 'NOTICE'),
    (DATE_SUB(NOW(), INTERVAL 100 MINUTE), null, 2, NULL, '{"time":1724201390956,"blocks":[{"id":"1","type":"header","data":{"text":"고객 피드백 세션 안내","level":3}},{"id":"2","type":"paragraph","data":{"text":"고객 피드백 세션이 8월 29일에 진행됩니다. 고객의 소리를 들을 수 있는 기회가 될 것입니다."}},{"id":"3","type":"list","data":{"style":"unordered","items":["일시: 2024년 8월 29일 오후 2시","장소: 본사 1층 대회의실","참석대상: 전직원"]}}],"version":"2.30.5"}', '192.168.0.11', 'announcement', '고객 피드백 세션 안내', 'NOTICE'),
    (DATE_SUB(NOW(), INTERVAL 50 MINUTE), null, 2, NULL, '{"time":1724201390957,"blocks":[{"id":"1","type":"header","data":{"text":"사내 책 클럽 모임","level":3}},{"id":"2","type":"paragraph","data":{"text":"사내 책 클럽 모임이 8월 31일에 열립니다. 관심 있는 분들은 참석해 주세요."}},{"id":"3","type":"list","data":{"style":"unordered","items":["일시: 2024년 8월 31일 오후 4시","장소: 본사 5층 독서실","토론 주제: 최근 읽은 책"]}}],"version":"2.30.5"}', '192.168.0.12', 'announcement', '사내 책 클럽 모임 안내', 'NOTICE'),
    (DATE_SUB(NOW(), INTERVAL 30 MINUTE), null, 2, NULL, '{"time":1724201390958,"blocks":[{"id":"1","type":"header","data":{"text":"사내 보안 교육 안내","level":3}},{"id":"2","type":"paragraph","data":{"text":"사내 보안 교육이 9월 5일에 진행됩니다. 모든 직원은 필히 참석해 주세요."}},{"id":"3","type":"list","data":{"style":"unordered","items":["일시: 2024년 9월 5일 오전 10시","장소: 본사 6층 세미나실","강사: 보안 전문가 이민호"]}}],"version":"2.30.5"}', '192.168.0.13', 'announcement', '사내 보안 교육 안내', 'NOTICE'),
    (DATE_SUB(NOW(), INTERVAL 10 MINUTE), null, 2, NULL, '{"time":1724201390959,"blocks":[{"id":"1","type":"header","data":{"text":"연구개발팀 회의 일정","level":3}},{"id":"2","type":"paragraph","data":{"text":"연구개발팀의 정기 회의가 8월 22일에 있습니다. 참여해 주세요."}},{"id":"3","type":"list","data":{"style":"unordered","items":["일시: 2024년 8월 22일 오전 9시","장소: 연구개발팀 회의실","안건: 프로젝트 진행 상황"]}}],"version":"2.30.5"}', '192.168.0.14', 'announcement', '연구개발팀 회의 일정', 'NOTICE'),
    (DATE_SUB(NOW(), INTERVAL 5 MINUTE), null, 2, NULL, '{"time":1724201390960,"blocks":[{"id":"1","type":"header","data":{"text":"사내 채용 공고","level":3}},{"id":"2","type":"paragraph","data":{"text":"신규 채용 공고가 게시되었습니다. 관심 있는 분들은 확인해 주세요."}},{"id":"3","type":"list","data":{"style":"unordered","items":["직무: 마케팅 담당","자격요건: 3년 이상의 경력","접수 마감일: 2024년 9월 10일"]}}],"version":"2.30.5"}', '192.168.0.15', 'announcement', '사내 채용 공고', 'NOTICE'),
    (DATE_SUB(NOW(), INTERVAL 50 MINUTE), null, 1, NULL, '{"time":1724201390961,"blocks":[{"id":"1","type":"header","data":{"text":"IT 장비 업데이트 안내","level":3}},{"id":"2","type":"paragraph","data":{"text":"IT 장비 업데이트가 8월 27일에 진행됩니다. 업무에 참고해 주세요."}},{"id":"3","type":"list","data":{"style":"unordered","items":["일시: 2024년 8월 27일 오전 9시","장소: IT 부서","영향: 일부 시스템 다운"]}}],"version":"2.30.5"}', '192.168.0.16', 'announcement', 'IT 장비 업데이트 안내', 'NOTICE'),
    (DATE_SUB(NOW(), INTERVAL 40 MINUTE), null, 1, NULL, '{"time":1724201390962,"blocks":[{"id":"1","type":"header","data":{"text":"부서별 성과 리뷰","level":3}},{"id":"2","type":"paragraph","data":{"text":"부서별 성과 리뷰가 8월 30일에 진행됩니다. 모든 부서는 준비해 주세요."}},{"id":"3","type":"list","data":{"style":"unordered","items":["일시: 2024년 8월 30일 오후 2시","장소: 본사 3층 대회의실","참석자: 각 부서장"]}}],"version":"2.30.5"}', '192.168.0.17', 'announcement', '부서별 성과 리뷰', 'NOTICE'),
    (DATE_SUB(NOW(), INTERVAL 30 MINUTE), null, 1, NULL, '{"time":1724201390963,"blocks":[{"id":"1","type":"header","data":{"text":"사내 휴가 정책 안내","level":3}},{"id":"2","type":"paragraph","data":{"text":"사내 휴가 정책이 변경되었습니다. 새로운 정책을 확인해 주세요."}},{"id":"3","type":"list","data":{"style":"unordered","items":["정책 변경일: 2024년 9월 1일","주요 변경 사항: 휴가 신청 절차 간소화","문의: 인사팀"]}}],"version":"2.30.5"}', '192.168.0.18', 'announcement', '사내 휴가 정책 안내', 'NOTICE'),
    (DATE_SUB(NOW(), INTERVAL 20 MINUTE), null, 1, NULL, '{"time":1724201390964,"blocks":[{"id":"1","type":"header","data":{"text":"전사 회식 공지","level":3}},{"id":"2","type":"paragraph","data":{"text":"전사 회식이 9월 7일에 진행됩니다. 많은 참여 부탁드립니다."}},{"id":"3","type":"list","data":{"style":"unordered","items":["일시: 2024년 9월 7일 오후 6시","장소: 사내 식당","특이사항: 식사 전 회의"]}}],"version":"2.30.5"}', '192.168.0.19', 'announcement', '전사 회식 공지', 'NOTICE'),
    (DATE_SUB(NOW(), INTERVAL 10 MINUTE), null, 1, NULL, '{"time":1724201390965,"blocks":[{"id":"1","type":"header","data":{"text":"사내 환경 미화 활동","level":3}},{"id":"2","type":"paragraph","data":{"text":"사내 환경 미화 활동이 8월 29일에 진행됩니다. 모든 직원이 참여해 주세요."}},{"id":"3","type":"list","data":{"style":"unordered","items":["일시: 2024년 8월 29일 오전 10시","장소: 본사 전역","준비물: 장갑, 청소 도구"]}}],"version":"2.30.5"}', '192.168.0.20', 'announcement', '사내 환경 미화 활동', 'NOTICE');

INSERT INTO comment (board_id, author_id, created_date, parent_comment_id, content) VALUES
    (58, 1, '2024-08-21 10:29:57.484617', NULL, '매출 목표와 고객 만족도 목표 모두 매우 도전적입니다! 👍 특히 매출 목표를 달성하기 위해 마케팅을 강화하는 것은 좋은 접근입니다. 이를 위해 구체적인 마케팅 전략과 캠페인 계획이 필요할 것 같습니다. 추가적으로, 고객 만족도 90% 달성을 위한 서비스 개선 방안도 세부적으로 검토해볼 필요가 있을 것 같습니다. 이를 위해 고객 피드백을 적극적으로 반영하는 것이 중요할 것 같아요.');
INSERT INTO comment (board_id, author_id, created_date, parent_comment_id, content) VALUES
    (58, 2, '2024-08-21 10:30:06.083897', NULL, '팀 목표 설정을 잘하셨습니다. 매출 목표와 고객 만족도 목표는 명확하고 실현 가능한 목표로 보입니다. 고객 만족도를 높이기 위한 서비스 개선은 고객의 목소리를 직접 듣고 반영하는 것이 핵심이겠죠? 이를 위해 정기적인 고객 피드백 세션을 계획하고, 고객의 불만 사항을 신속히 해결할 수 있는 시스템을 구축하면 좋을 것 같습니다.');
INSERT INTO comment (board_id, author_id, created_date, parent_comment_id, content) VALUES
    (58, 3, '2024-08-21 10:30:16.144943', NULL, '매출 목표 100% 달성과 고객 만족도 90%는 모두 중요한 목표입니다. 매출 목표를 달성하기 위한 마케팅 강화 계획은 좋지만, 예상되는 도전 과제나 문제점을 미리 파악하고 대응 전략을 세우는 것도 도움이 될 것입니다. 또한, 서비스 개선을 위한 구체적인 액션 플랜을 수립하여 팀원들이 각자의 역할을 명확히 이해하고 실행할 수 있도록 하는 것이 중요합니다.');
INSERT INTO comment (board_id, author_id, created_date, parent_comment_id, content) VALUES
    (58, 4, '2024-08-21 10:30:18.311632', NULL, '목표 설정이 매우 명확합니다. 목표 달성을 위해 계획된 마케팅 강화와 서비스 개선이 성공적으로 진행되기를 바랍니다. 이를 위해 각 팀원들이 맡은 바 역할을 충실히 수행할 수 있도록 지원할 방안도 고려해야 할 것 같습니다. 예를 들어, 마케팅 팀과 고객 서비스 팀 간의 협업을 강화하는 방안을 고민해보는 것도 좋을 것 같습니다.');
INSERT INTO comment (board_id, author_id, created_date, parent_comment_id, content) VALUES
    (58, 5, '2024-08-21 10:30:31.591583', NULL, '팀 목표 설정에 대한 계획이 잘 되어 있습니다. 목표 달성을 위해 각 목표에 대해 구체적인 KPI를 설정하고, 이를 지속적으로 모니터링하는 것이 중요할 것 같습니다. 목표 달성 상황을 주기적으로 점검하고, 필요 시 계획을 수정하여 유연하게 대응하는 것도 효과적일 것입니다. 모든 팀원이 목표를 공유하고 함께 노력하면 좋은 결과를 얻을 수 있을 것입니다.');
INSERT INTO comment (board_id, author_id, created_date,  parent_comment_id, content) VALUES
    (58, 8, '2024-08-21 10:30:48.097925', 1, '좋은 피드백 감사합니다! 매출 목표 달성을 위한 마케팅 전략은 현재 두 가지 주요 캠페인을 계획 중에 있습니다. 하나는 소셜 미디어 광고 강화이고, 다른 하나는 이메일 마케팅 캠페인입니다. 고객 만족도 90% 달성을 위해서는 고객 피드백을 직접 반영할 수 있는 시스템을 구축하고, 이를 통해 얻은 데이터를 분석하여 구체적인 개선안을 도출할 예정입니다. 추가적인 제안이 있으면 언제든지 말씀해 주세요!');
INSERT INTO comment (board_id, author_id, created_date, parent_comment_id, content) VALUES
    (58, 8, '2024-08-21 10:30:59.776921', 2, '소중한 의견 감사합니다. 맞습니다, 고객 피드백을 적극적으로 반영하는 것이 중요하죠. 고객의 의견을 수집하는 방법으로는 설문조사와 직접 인터뷰를 고려하고 있습니다. 이를 통해 서비스 개선 방향을 명확히 하고, 실질적인 문제 해결 방안을 마련할 수 있을 것입니다. 피드백 세션의 구체적인 일정이나 방법에 대해 더 논의해보면 좋겠습니다.');
INSERT INTO comment (board_id, author_id, created_date, parent_comment_id, content) VALUES
    (58, 8, '2024-08-21 10:31:08.383114', 3, '말씀하신 대로, 도전 과제를 사전에 파악하고 대응 전략을 마련하는 것이 중요하다는 점에 동의합니다. 특히 마케팅 강화 측면에서, 경쟁사 분석과 고객 행동 분석을 통해 예상되는 문제점을 미리 식별하고 대비할 계획입니다. 서비스 개선의 경우, 고객의 불만 사항을 빠르게 해결할 수 있는 시스템을 구축하여 문제가 발생했을 때 신속히 대응할 수 있도록 하겠습니다. 좋은 제안 감사합니다!');
INSERT INTO comment (board_id, author_id, created_date, parent_comment_id, content) VALUE
    (58, 8, '2024-08-21 10:31:14.823746', 4, '팀 간 협업 강화에 대한 의견도 감사합니다. 마케팅 팀과 고객 서비스 팀 간의 협력을 통해 더 나은 결과를 얻을 수 있을 것이라 생각합니다. 이를 위해 정기적인 협업 미팅과 공동 프로젝트를 통해 두 팀 간의 소통을 강화할 계획입니다. 각 팀의 역할과 책임을 명확히 하고, 협업의 효율성을 높이기 위한 방안을 마련해보겠습니다.');
INSERT INTO comment (board_id, author_id, created_date, parent_comment_id, content) VALUES
    (58, 8, '2024-08-21 10:31:20.584126', 5, '정확한 지적 감사합니다. KPI 설정과 지속적인 모니터링은 목표 달성의 핵심이죠. KPI를 설정할 때, 구체적이고 측정 가능한 지표를 설정하여 목표 달성 상황을 명확히 파악할 수 있도록 하겠습니다. 주기적인 점검과 필요시 계획 수정에 대한 의견도 적극 반영하여, 팀원들이 목표에 집중할 수 있도록 지원하겠습니다. 의견 주셔서 감사합니다!');


INSERT INTO chat_room(name) values ('전체공지');
INSERT INTO chat_room_participants (chat_room_id, participant_id)
SELECT 1, employee_id
FROM employee;

INSERT INTO chat_room(name) values ('부서채팅');
INSERT INTO chat_room_participants (chat_room_id, participant_id)
SELECT 2, employee_id
FROM employee WHERE department_id = 1;

INSERT INTO attendance (overtime_hours, work_hours, clock_in_time, clock_out_time, date, employee_id, status)
VALUES
    (0, 540, '2024-07-01 09:00:00.388684', '2024-07-01 18:00:00.388684', '2024-07-01 18:00:00.388684', 1, '🌟 출퇴근 완료'),
    (0, 540, '2024-07-02 09:00:00.388684', '2024-07-02 18:00:00.388684', '2024-07-02 18:00:00.388684', 1, '🌟 출퇴근 완료'),
    (0, 540, '2024-07-03 09:00:00.388684', '2024-07-03 18:00:00.388684', '2024-07-03 18:00:00.388684', 1, '🌟 출퇴근 완료'),
    (0, 540, '2024-07-04 09:00:00.388684', '2024-07-04 18:00:00.388684', '2024-07-04 18:00:00.388684', 1, '🌟 출퇴근 완료'),
    (0, 540, '2024-07-05 09:00:00.388684', '2024-07-05 18:00:00.388684', '2024-07-05 18:00:00.388684', 1, '🌟 출퇴근 완료'),
    (0, 540, '2024-07-08 09:00:00.388684', '2024-07-08 18:00:00.388684', '2024-07-08 18:00:00.388684', 1, '🌟 출퇴근 완료'),
    (0, 540, '2024-07-09 09:00:00.388684', '2024-07-09 18:00:00.388684', '2024-07-09 18:00:00.388684', 1, '🌟 출퇴근 완료'),
    (0, 540, '2024-07-10 09:00:00.388684', '2024-07-10 18:00:00.388684', '2024-07-10 18:00:00.388684', 1, '🌟 출퇴근 완료'),
    (0, 540, '2024-07-11 09:00:00.388684', '2024-07-11 18:00:00.388684', '2024-07-11 18:00:00.388684', 1, '🌟 출퇴근 완료'),
    (0, 540, '2024-07-12 09:00:00.388684', '2024-07-12 18:00:00.388684', '2024-07-12 18:00:00.388684', 1, '🌟 출퇴근 완료'),
    (0, 540, '2024-07-15 09:00:00.388684', '2024-07-15 18:00:00.388684', '2024-07-15 18:00:00.388684', 1, '🌟 출퇴근 완료'),
    (0, 540, '2024-07-16 09:00:00.388684', '2024-07-16 18:00:00.388684', '2024-07-16 18:00:00.388684', 1, '🌟 출퇴근 완료'),
    (0, 540, '2024-07-17 09:00:00.388684', '2024-07-17 18:00:00.388684', '2024-07-17 18:00:00.388684', 1, '🌟 출퇴근 완료'),
    (0, 540, '2024-07-18 09:00:00.388684', '2024-07-18 18:00:00.388684', '2024-07-18 18:00:00.388684', 1, '🌟 출퇴근 완료'),
    (0, 540, '2024-07-19 09:00:00.388684', '2024-07-19 18:00:00.388684', '2024-07-19 18:00:00.388684', 1, '🌟 출퇴근 완료'),
    (0, 540, '2024-07-22 09:00:00.388684', '2024-07-22 18:00:00.388684', '2024-07-22 18:00:00.388684', 1, '🌟 출퇴근 완료'),
    (0, 540, '2024-07-23 09:00:00.388684', '2024-07-23 18:00:00.388684', '2024-07-23 18:00:00.388684', 1, '🌟 출퇴근 완료'),
    (0, 540, '2024-07-24 09:00:00.388684', '2024-07-24 18:00:00.388684', '2024-07-24 18:00:00.388684', 1, '🌟 출퇴근 완료'),
    (0, 540, '2024-07-25 09:00:00.388684', '2024-07-25 18:00:00.388684', '2024-07-25 18:00:00.388684', 1, '🌟 출퇴근 완료'),
    (0, 540, '2024-07-26 09:00:00.388684', '2024-07-26 18:00:00.388684', '2024-07-26 18:00:00.388684', 1, '🌟 출퇴근 완료'),
    (0, 540, '2024-07-29 09:00:00.388684', '2024-07-29 18:00:00.388684', '2024-07-29 18:00:00.388684', 1, '🌟 출퇴근 완료'),
    (0, 540, '2024-07-30 09:00:00.388684', '2024-07-30 18:00:00.388684', '2024-07-30 18:00:00.388684', 1, '🌟 출퇴근 완료'),
    (0, 540, '2024-07-31 09:00:00.388684', '2024-07-31 18:00:00.388684', '2024-07-31 18:00:00.388684', 1, '🌟 출퇴근 완료');

INSERT INTO attendance (overtime_hours, work_hours, clock_in_time, clock_out_time, date, employee_id, status)
VALUES
    (0, 540, '2024-08-01 09:00:00.388684', '2024-08-01 18:00:00.388684', '2024-08-01 18:00:00.388684', 1, '🌟 출퇴근 완료'),
    (0, 540, '2024-08-02 09:00:00.388684', '2024-08-02 18:00:00.388684', '2024-08-02 18:00:00.388684', 1, '🌟 출퇴근 완료'),
    (0, 540, '2024-08-05 09:00:00.388684', '2024-08-05 18:00:00.388684', '2024-08-05 18:00:00.388684', 1, '🌟 출퇴근 완료'),
    (0, 540, '2024-08-06 09:00:00.388684', '2024-08-06 18:00:00.388684', '2024-08-06 18:00:00.388684', 1, '🌟 출퇴근 완료'),
    (120, 540, '2024-08-07 09:00:00.388684', '2024-08-07 20:00:00.388684', '2024-08-07 18:00:00.388684', 1, '🌟 출퇴근 완료'),
    (0, 540, '2024-08-08 09:00:00.388684', '2024-08-08 18:00:00.388684', '2024-08-08 18:00:00.388684', 1, '🌟 출퇴근 완료'),
    (0, 540, '2024-08-09 09:00:00.388684', '2024-08-09 18:00:00.388684', '2024-08-09 18:00:00.388684', 1, '🌟 출퇴근 완료'),
    (0, 540, '2024-08-12 09:00:00.388684', '2024-08-12 18:00:00.388684', '2024-08-12 18:00:00.388684', 1, '🌟 출퇴근 완료'),
    (180, 540, '2024-08-14 09:00:00.388684', '2024-08-14 21:00:00.388684', '2024-08-14 18:00:00.388684', 1, '🌟 출퇴근 완료'),
    (0, 540, '2024-08-15 09:00:00.388684', '2024-08-15 18:00:00.388684', '2024-08-15 18:00:00.388684', 1, '🌟 출퇴근 완료'),
    (0, 540, '2024-08-16 09:00:00.388684', '2024-08-16 18:00:00.388684', '2024-08-16 18:00:00.388684', 1, '🌟 출퇴근 완료'),
    (0, 540, '2024-08-17 09:00:00.388684', '2024-08-17 18:00:00.388684', '2024-08-17 18:00:00.388684', 1, '🌟 출퇴근 완료'),
    (0, 540, '2024-08-20 09:00:00.388684', '2024-08-20 18:00:00.388684', '2024-08-20 18:00:00.388684', 1, '🌟 출퇴근 완료');
